Target,compound,neg,neu,pos,Text,Date
@BBCWorld,-0.0772,0.121,0.769,0.109,"RT @BBCSport: FULL TIME: Argentina 1-1 Iceland. 

Hannes Halldorsson saves a Lionel Messi penalty to help Iceland to a point in their first‚Ä¶",2018-06-16 15:02:16+00:00
@BBCWorld,0.34,0.0,0.702,0.298,Spain 'accepts French offer' to receive migrants aboard Aquarius https://t.co/KYngAHkgEV,2018-06-16 14:56:26+00:00
@BBCWorld,0.1779,0.0,0.841,0.159,Thai king takes control of some $30bn crown assets https://t.co/syWOJ0oYA6,2018-06-16 14:40:10+00:00
@BBCWorld,0.0,0.0,1.0,0.0,German rappers anti-Semitism lyrics probe dropped https://t.co/J2SIwB96g3,2018-06-16 14:40:10+00:00
@BBCWorld,0.7856,0.0,0.733,0.267,"RT @BBCSport: SAVED!
Up steps Lionel Messi to take the penalty....and it's saved! Hannes Halld√≥rsson guesses right and he'll be a national‚Ä¶",2018-06-16 14:24:28+00:00
@BBCWorld,0.0,0.0,1.0,0.0,Russian conductor Gennady Rozhdestvensky dies at 87 https://t.co/zVBAaRcSRN,2018-06-16 14:15:18+00:00
@BBCWorld,0.4588,0.0,0.625,0.375,ICYMI: Smiling lessons and a robo-shark https://t.co/w5qLaCBajB,2018-06-16 13:35:46+00:00
@BBCWorld,0.3182,0.0,0.777,0.223,Taliban and Afghan forces embrace in Eid ceasefire https://t.co/2lFJB4uoXI,2018-06-16 13:10:01+00:00
@BBCWorld,0.0,0.0,1.0,0.0,Ronaldo's superhuman match in pictures https://t.co/7KSKQreMqO,2018-06-16 12:28:17+00:00
@BBCWorld,0.0,0.0,1.0,0.0,"RT @BBCSport: ‚ö°Ô∏è ‚ÄúVAR got everyone talking in the France v Australia game‚Äù

https://t.co/8IXl9bn0KO

#bbcworldcup #worldcup #FRAAUS",2018-06-16 12:05:35+00:00
@BBCWorld,0.0,0.0,1.0,0.0,Model Olivia Sang on 'colourism' in the fashion industry https://t.co/59MHChZ2qC,2018-06-16 11:00:52+00:00
@BBCWorld,-0.631,0.279,0.629,0.092,"Chinese media mock President Trump over trade tariffs: ""Wise men build bridges but fools build walls""‚Ä¶ https://t.co/UlBuVde0oT",2018-06-16 10:35:35+00:00
@BBCWorld,0.0,0.0,1.0,0.0,Harvard University 'discriminates against Asian-Americans' https://t.co/7svDvIc1F2,2018-06-16 10:11:21+00:00
@BBCWorld,-0.4939,0.242,0.758,0.0,Trade tariffs: Chinese media in Trump 'fools build walls' jibe https://t.co/lVdOT18svR,2018-06-16 09:24:26+00:00
@BBCWorld,0.0,0.0,1.0,0.0,Frida Kahlo: The fashioning of a global icon https://t.co/OM4nar8A3i,2018-06-16 07:45:33+00:00
@BBCWorld,-0.5994,0.358,0.642,0.0,Yemen war: Government troops 'capture Hudaydah airport' https://t.co/uWw7aRfAE5,2018-06-16 07:43:23+00:00
@BBCWorld,-0.7964,0.474,0.405,0.121,Nicaragua crisis: Truce agreed after weeks of deadly violence https://t.co/9iwoOQtmd5,2018-06-16 06:38:19+00:00
@BBCWorld,-0.6597,0.403,0.597,0.0,Speed limit cut on French roads angers rural voters https://t.co/DNNfRXvxjo,2018-06-15 23:31:08+00:00
@BBCWorld,-0.6705,0.524,0.476,0.0,Theranos founder hit with criminal charges https://t.co/rUrJS8rUJE,2018-06-15 22:31:05+00:00
@BBCWorld,0.0,0.0,1.0,0.0,"US child migrants: 2,000 separated from families in six weeks https://t.co/65eXXeAFky",2018-06-15 20:46:41+00:00
@BBCWorld,0.0,0.0,1.0,0.0,"RT @BBCNews: Tributes have been paid to renowned physicist Prof Stephen Hawking in a Westminster Abbey memorial service 
https://t.co/OPbgJ‚Ä¶",2018-06-15 20:25:57+00:00
@BBCWorld,0.0,0.0,1.0,0.0,"RT @BBCSport: FT #POR 3-3 #ESP 

Where do you start? Incredible.

Live reaction:
üì∫ @BBCOne 
üìª @5liveSport 
üì± https://t.co/INjw1xlE0c

#Worl‚Ä¶",2018-06-15 19:55:20+00:00
@BBCWorld,-0.7783,0.493,0.507,0.0,Eiffel Tower perimeter fence built to stop terrorism https://t.co/8i0Qb0x8f7,2018-06-15 19:09:37+00:00
@BBCWorld,0.0,0.0,1.0,0.0,RT @BBCPallab: #StephenHawking‚Äôs final message set to music composed by Vangelis has been transmitted to a Black Hole. Listen to what he ha‚Ä¶,2018-06-15 17:25:08+00:00
@BBCWorld,0.0,0.0,1.0,0.0,Colombia election: Voters polarised ahead of run-off https://t.co/BtLBADRVWl,2018-06-15 17:24:47+00:00
@BBCWorld,0.2732,0.182,0.49,0.329,UAE reinforcements in Eritrea ready to join Hudaydah battle https://t.co/JoPArqNJ91,2018-06-15 17:22:30+00:00
@BBCWorld,0.5859,0.0,0.808,0.192,World Cup 2018: Iran beat Morocco to win first World Cup finals tie in 20 years https://t.co/BjotZmXvNK,2018-06-15 17:10:44+00:00
@BBCWorld,0.0,0.0,1.0,0.0,"üêäüêäüêäüêäüêäüêäüêäüêäüêäüêäüêäüêäüêäüêäüêäüêäüêäüêäüêäüêäüêäüêäüêäüêäüêäüêäüêäüêäüêäüêäüêäüêäüêäüêäüêäüêäüêäüêäüêäüêäüêäüêäüêäüêäüêäüêäüêäüêäüêäüêäüêäüêäüêäüêäüêäüêäüêäüêä

What a load of crocs! https://t.co/Emc13umUWS https://t.co/Ce7NumHoZm",2018-06-15 16:56:53+00:00
@BBCWorld,0.4215,0.0,0.797,0.203,"RT @BBC_HaveYourSay: ""I am lucky. I tend to just think it's hilarious."" 
https://t.co/LKwvH8FLUe",2018-06-15 16:39:37+00:00
@BBCWorld,0.0,0.0,1.0,0.0,Judge orders Manafort be held in jail https://t.co/rL3w6dlYOr,2018-06-15 15:54:17+00:00
@BBCWorld,0.3612,0.0,0.884,0.116,Watch what happens when molten lava from Hawaii's Kilauea volcano meets the sea ‚Äî what looks like steam is actually‚Ä¶ https://t.co/mufbsyVHfY,2018-06-15 15:32:39+00:00
@BBCWorld,-0.2732,0.208,0.792,0.0,Trump 'kidding' about envy of Kim Jong-un's rule https://t.co/YyOHd2pL7t,2018-06-15 15:32:22+00:00
@BBCWorld,0.5267,0.0,0.714,0.286,Cristiano Ronaldo 'to accept jail term and ¬£16.4m fine' in tax case https://t.co/72xJZgsNtq,2018-06-15 15:27:33+00:00
@BBCWorld,-0.0516,0.25,0.515,0.235,Dark Mofo: The provocative festival changing Tasmania's reputation https://t.co/xkOYuQGzUr,2018-06-15 15:13:26+00:00
@BBCWorld,0.0,0.0,1.0,0.0,RT @BBCNews: Record-breaking crowds at Europe's largest Eid celebration #EidMubarak https://t.co/JG8kbhOnbj https://t.co/nFysvy0Me5,2018-06-15 15:06:06+00:00
@BBCWorld,0.4215,0.0,0.714,0.286,Florida fraternity sued over sex image sharing https://t.co/6tvgb57hz3,2018-06-15 14:47:16+00:00
@BBCWorld,0.0,0.0,1.0,0.0,"Muslims around the world mark the end of the holy fasting month of Ramadan. #EidMubarak 

More images:‚Ä¶ https://t.co/iF843T8QEF",2018-06-15 14:32:09+00:00
@BBCWorld,0.0,0.0,1.0,0.0,What a load of crocs! https://t.co/qpUovpwQD3,2018-06-15 14:28:02+00:00
@BBCWorld,0.0,0.0,1.0,0.0,Attorney General Jeff Sessions quotes Bible to defend immigration policies https://t.co/uqstKcFklw,2018-06-15 14:10:48+00:00
@BBCWorld,0.5859,0.0,0.743,0.257,World Cup 2018: Uruguay score late winner to beat Egypt 1-0 https://t.co/ntMyeOKnSl,2018-06-15 14:10:46+00:00
@BBCWorld,0.0,0.0,1.0,0.0,Russia propose raising retirement age above life expectancy https://t.co/W3NBybPYq1,2018-06-15 13:31:02+00:00
@BBCWorld,-0.1027,0.167,0.833,0.0,Trump imposes 25% tariff on Chinese goods https://t.co/mqv6DxsxzX,2018-06-15 12:27:30+00:00
@BBCWorld,0.6369,0.0,0.682,0.318,Shujhaat Bukhari: A man who epitomised the best of Kashmir https://t.co/JQnzCAlPM2,2018-06-15 12:22:42+00:00
@BBCWorld,-0.128,0.143,0.857,0.0,US air strike targets Pakistan Taliban chief in Afghanistan https://t.co/ieKasfIx18,2018-06-15 12:22:42+00:00
@BBCWorld,-0.5267,0.327,0.673,0.0,Ricin threat: Cologne anti-terror police search flats https://t.co/xQ8d0QGpLA,2018-06-15 12:11:22+00:00
@BBCWorld,0.0,0.0,1.0,0.0,Google diversity figures show little change https://t.co/RYIROpURt3,2018-06-15 11:59:03+00:00
@BBCWorld,0.875,0.067,0.588,0.344,"'We were scared but we shouldn't be because we're both ambassadors of peace'

The beauty queens reunited despite de‚Ä¶ https://t.co/J1NBonJzJv",2018-06-15 11:28:57+00:00
@BBCWorld,-0.5267,0.327,0.673,0.0,"Brazen thief bags himself a Banksy üñºÔ∏è

https://t.co/x2yY740u1q https://t.co/6ylbCwGvjL",2018-06-15 11:09:24+00:00
@BBCWorld,0.0,0.0,1.0,0.0,"RT @BBCNews: 'Stephen was going to run me over in his wheelchair for a Monty Python sketch'

Professor Brian Cox remembers one of the last‚Ä¶",2018-06-15 10:34:01+00:00
@BBCWorld,0.0,0.0,1.0,0.0,Macron hosts Italian PM Conte after trading barbs over migrants https://t.co/VG2Y5g1xGw,2018-06-15 10:21:43+00:00
@BBCWorld,0.0,0.0,1.0,0.0,Czech president calls press conference for underwear burning https://t.co/nbRrTLpxad,2018-06-15 10:19:16+00:00
@BBCWorld,0.0,0.0,1.0,0.0,Ramadan: Muslims prepare for Eid around the world https://t.co/z53itwH52R,2018-06-15 10:09:03+00:00
@BBCWorld,0.0,0.0,1.0,0.0,"RT @VictoriaLIVE: 'They won't need drivers anymore - it's totally empowering.'

Driving instructors Sue Newbon and Deborah Sherwood are tra‚Ä¶",2018-06-15 09:43:21+00:00
@BBCWorld,0.2023,0.0,0.847,0.153,World Cup 2018: Broadcaster Fox apologises for Robbie Williams gesture https://t.co/eRUZUkCqqf,2018-06-15 09:42:27+00:00
@BBCWorld,0.0,0.0,1.0,0.0,Canadian clarinet player sues ex for deleting his scholarship offer https://t.co/yZxPHoxmkm,2018-06-15 09:42:27+00:00
@BBCWorld,0.0,0.0,1.0,0.0,"Cocaine, the captain &amp; the frozen mummies: Paolo Guerrero's World Cup journey https://t.co/utTumOZ56M",2018-06-15 09:21:21+00:00
@BBCWorld,0.0,0.0,1.0,0.0,Kilauea volcano: Molten lava meets the sea https://t.co/Jbvulygqf0,2018-06-15 09:12:07+00:00
@BBCWorld,-0.6597,0.355,0.645,0.0,Shujhaat Bukhari: Killing of Kashmir journalist shakes India https://t.co/W70r5Rm1jk,2018-06-15 08:59:37+00:00
@BBCWorld,0.0,0.0,1.0,0.0,China vows fast response to US tariffs https://t.co/pejqCO7YQn,2018-06-15 08:33:45+00:00
@BBCWorld,-0.8481,0.506,0.494,0.0,India facing the 'worst water crisis in its history' https://t.co/B5DKo4Ebbv,2018-06-15 07:53:11+00:00
@BBCWorld,-0.7269,0.217,0.783,0.0,RT @BBCSteveR: Today‚Äôs Russian papers criticize the authorities for using the World Cup to bury the bad news about a rise in the pension ag‚Ä¶,2018-06-15 07:20:32+00:00
@BBCWorld,0.4466,0.0,0.789,0.211,Kat Von D: The make-up mogul who has reignited 'anti-vax' row https://t.co/TRqOXUCY8x,2018-06-15 06:34:16+00:00
@BBCWorld,0.0,0.0,1.0,0.0,AT&amp;T completes its takeover of Time Warner https://t.co/9PSLDtj2c6,2018-06-15 05:43:54+00:00
@BBCWorld,0.0,0.0,1.0,0.0,China's ride-hailing giant Didi to launch in Australia https://t.co/5hy4OxShGD,2018-06-15 05:43:54+00:00
@BBCWorld,-0.5994,0.281,0.719,0.0,South Korea and US discuss future of joint war games https://t.co/zI0ZgYZVc3,2018-06-15 04:33:37+00:00
@BBCWorld,-0.34,0.327,0.673,0.0,Nicaragua protesters stage national strike as clashes persist https://t.co/LofpYJJpVz,2018-06-15 03:45:59+00:00
@BBCWorld,-0.8442,0.536,0.464,0.0,Eurydice Dixon: Comedian's killing prompts anger in Australia https://t.co/6BpgS635Aw,2018-06-15 03:27:25+00:00
@BBCWorld,-0.4019,0.228,0.643,0.129,Yemen war: UN calls for vital port of Hudaydah to stay open https://t.co/YJ9GClyVBM,2018-06-15 02:08:44+00:00
@BBCWorld,-0.4215,0.359,0.641,0.0,Portugal's wildfire that broke a community https://t.co/jdYByeZpAn,2018-06-15 00:49:06+00:00
@BBCWorld,-0.1531,0.229,0.593,0.178,The surprise place where hijab can spell trouble https://t.co/2D8URFhfmb,2018-06-14 23:53:54+00:00
@BBCWorld,0.0,0.0,1.0,0.0,Africa's week in pictures: 8-14 June 2018 https://t.co/a7pxvxn2D6,2018-06-14 23:48:49+00:00
@BBCWorld,0.3182,0.0,0.827,0.173,'Ignacius Sancho made me sure of who I am as a black Briton' https://t.co/9CKEgosXZ2,2018-06-14 23:41:56+00:00
@BBCWorld,0.0,0.0,1.0,0.0,Boris Becker claims diplomatic immunity in bankruptcy case https://t.co/XTQSIUGuTO,2018-06-14 23:05:04+00:00
@BBCWorld,-0.765,0.452,0.548,0.0,Banksy print stolen from Toronto exhibit by brazen thief https://t.co/BKdLUMLpPZ,2018-06-14 22:26:37+00:00
@BBCWorld,-0.765,0.423,0.577,0.0,Turkey election: Three dead in clash as pre-poll tension rises https://t.co/qQHwlab6up,2018-06-14 22:23:52+00:00
@BBCWorld,0.0,0.0,1.0,0.0,Ex-Walmart now a shelter for child migrants https://t.co/3K9DvExssY,2018-06-14 21:54:22+00:00
@BBCWorld,-0.3716,0.22,0.653,0.128,"They survived the Ice Age but today saiga antelopes are struggling

https://t.co/BDaTMlFxSP https://t.co/JZQKyYn6fz",2018-06-14 21:01:51+00:00
@BBCWorld,0.0,0.0,1.0,0.0,RT @bbcworldservice: NASA's oldest rover on Mars has shut itself down because of a giant dust storm. But will it wake up? https://t.co/QLNG‚Ä¶,2018-06-14 18:33:03+00:00
@BBCWorld,0.6369,0.0,0.802,0.198,RT @BBCNorthAmerica: Have you or a loved one been impacted by an immigration-related separation in the US? We want to listen. Reply to this‚Ä¶,2018-06-14 18:18:30+00:00
@BBCWorld,-0.3818,0.302,0.698,0.0,Germany migrant row threatens Merkel coalition https://t.co/K1eovqHJkp,2018-06-14 17:51:07+00:00
@BBCWorld,0.0258,0.086,0.824,0.09,"RT @BBCSteveR: Away from the frenzy of the World Cup, there is a quieter Russia. I filmed this sunset in north west Moscow (and play ""Mosco‚Ä¶",2018-06-14 17:34:30+00:00
@BBCWorld,0.3182,0.0,0.777,0.223,Calm before the storm at crucial Yemen port https://t.co/9Q6CkCAJm0,2018-06-14 17:16:33+00:00
@BBCWorld,0.0,0.0,1.0,0.0,World Cup 2018: Ronaldo and Robbie Williams star in opening ceremony https://t.co/c8Aadc5Av5,2018-06-14 17:11:46+00:00
@BBCWorld,0.5719,0.0,0.85,0.15,"RT @BBCSport: FT #RUS 5-0 #KSA 

The perfect start to the #WorldCup for hosts Russia.

Who predicted that scoreline?

Live reaction:
üìª @5li‚Ä¶",2018-06-14 17:00:53+00:00
@BBCWorld,0.0,0.0,1.0,0.0,Ceuta and Melilla: Spain wants rid of anti-migrant razor wire https://t.co/CWW0yAeQzd,2018-06-14 16:52:03+00:00
@BBCWorld,-0.296,0.239,0.761,0.0,Rachel Saunders: Second missing botanist's body identified https://t.co/Dml2tAjTeP,2018-06-14 16:11:04+00:00
@BBCWorld,0.2003,0.0,0.887,0.113,Wondering what happened to the daredevil raccoon caught scaling a skyscraper? üôà Of course you are!‚Ä¶ https://t.co/Ro4Zh5YBgk,2018-06-14 15:38:25+00:00
@BBCWorld,0.3304,0.06,0.784,0.157,"üé¶, Ô∏è‚öΩÔ∏è, üöò... Saudi women are celebrating new rights, but there are still a number of things they can't legally do w‚Ä¶ https://t.co/GOQw6t3W9U",2018-06-14 15:30:42+00:00
@BBCWorld,-0.6486,0.35,0.65,0.0,Kashmir journalist Shujaat Bukhari shot dead in Srinigar https://t.co/pC9F2O72qn,2018-06-14 15:25:37+00:00
@BBCWorld,0.0,0.0,1.0,0.0,Mix-ups and fanfare: What no-one else saw at the Trump-Kim summit https://t.co/EHCwmxMdiA,2018-06-14 15:18:36+00:00
@BBCWorld,0.0826,0.157,0.66,0.183,Comey 'broke norms but not biased' - agency watchdog report https://t.co/zvHxkXlPhh,2018-06-14 15:18:36+00:00
@BBCWorld,0.0,0.0,1.0,0.0,"RT @BBCSport: GOAL! #RUS 1-0 #KSA 

The opening goal of the #WorldCup goes to the hosts &amp; Yury Gazinsky!

LIVE:
üìª @5liveSport 
üì± https://t.‚Ä¶",2018-06-14 15:17:09+00:00
@BBCWorld,0.0,0.0,1.0,0.0,"RT @BBCNews: Remembering the 72 

#GreenforGrenfell üíö

https://t.co/gpmUdZw3xB https://t.co/Y7IaWjX9MC",2018-06-14 15:16:38+00:00
@BBCWorld,-0.7845,0.331,0.669,0.0,"RT @BBCBreaking: Scathing New York State lawsuit accuses Trump Foundation of ""persistent illegal conduct"" and wants it dissolved https://t.‚Ä¶",2018-06-14 15:15:17+00:00
@BBCWorld,0.0,0.0,1.0,0.0,New York sues to dissolve Trump Foundation https://t.co/TdgSBa5g2V,2018-06-14 15:03:58+00:00
@BBCWorld,-0.2263,0.192,0.808,0.0,American Will Nguyen held in Vietnam after protests https://t.co/H8sKjFbXcK,2018-06-14 15:01:42+00:00
@BBCWorld,0.0,0.0,1.0,0.0,RT @BBCNorthAmerica: The University of Chicago is dropping ACT/SAT requirements for incoming students. Applicants will now have the option‚Ä¶,2018-06-14 14:59:55+00:00
@BBCWorld,0.0,0.0,1.0,0.0,Backlash after a Russian MP tells women not to have sex with foreign men during the #WorldCup https://t.co/pSxSpBD7hf,2018-06-14 13:25:54+00:00
@BBCWorld,-0.0516,0.057,0.943,0.0,"RT @BBC100women: ""You cannot grow football if you leave half of the world's population behind.""

As #WorldCupRussia2018 kicks off, FIFA's f‚Ä¶",2018-06-14 13:19:20+00:00
@BBCWorld,-0.7184,0.462,0.538,0.0,Sri Lanka hardline monk Gnanasara jailed for intimidation https://t.co/IozXKgFbTp,2018-06-14 13:09:45+00:00
@CBSNews,0.1531,0.152,0.625,0.223,Paris authorities are building a permanent security belt around the Eiffel Tower to protect against terror threats:‚Ä¶ https://t.co/wTauMHuKUT,2018-06-16 15:19:59+00:00
@CBSNews,-0.4449,0.184,0.816,0.0,President Trump grumbles that deal with North Korea isn't getting enough praise https://t.co/uXrl3xwjqr https://t.co/KgYKuhG2eY,2018-06-16 15:00:02+00:00
@CBSNews,-0.4215,0.128,0.872,0.0,A state appeals court has reinstated -- at least for now -- California's law allowing terminally ill people to end‚Ä¶ https://t.co/dOHJFMoDjy,2018-06-16 14:39:56+00:00
@CBSNews,0.0,0.0,1.0,0.0,"WATCH: These twin cooling towers in Jacksonville, Florida, imploded in just 12 seconds, leaving behind a giant clou‚Ä¶ https://t.co/QPcJ1aVtpY",2018-06-16 14:20:14+00:00
@CBSNews,0.0,0.0,1.0,0.0,"""We're traveling ‚Ä¶ not only to register people to vote, but also to serve as a megaphone‚Äù: Parkland school shooting‚Ä¶ https://t.co/PH3YPZyK79",2018-06-16 14:02:59+00:00
@CBSNews,0.0772,0.132,0.719,0.15,"White House says President Trump supports ""moderate"" GOP immigration bill after confusion https://t.co/ObDDaEsOfT https://t.co/V3p8rbj0Sm",2018-06-16 13:40:23+00:00
@CBSNews,-0.7783,0.286,0.714,0.0,A second sheriff's deputy died early Saturday from injuries suffered when an inmate who was being transported in Ka‚Ä¶ https://t.co/7pRgUlIedt,2018-06-16 13:19:31+00:00
@CBSNews,0.3612,0.0,0.889,0.111,"Trump says he wants ""my people"" to sit at attention for him like people do for Kim Jong Un https://t.co/0yY1XVAhTI https://t.co/k6F8VdJd9J",2018-06-16 13:03:04+00:00
@CBSNews,0.0,0.0,1.0,0.0,Kellogg's voluntarily recalls Honey Smacks cereal over possible salmonella contamination https://t.co/meX8qNzXfo https://t.co/RGK3wvQt8f,2018-06-16 12:48:04+00:00
@CBSNews,-0.6908,0.239,0.761,0.0,4 held in India over rape of woman and daughter while husband tied to tree https://t.co/WdvfiYY5I7 https://t.co/ySfUtnXBy7,2018-06-16 12:33:03+00:00
@CBSNews,0.0,0.0,1.0,0.0,"World Cup Friday: Egypt vs. Uruguay, Morocco vs. Iran, Portugal vs. Spain https://t.co/wxnlDTzCRD https://t.co/GAvB9JAwQo",2018-06-16 12:18:03+00:00
@CBSNews,-0.6908,0.34,0.66,0.0,"Cops: Arrest after body of missing teen, believed to be MS-13 victim, found buried https://t.co/THvEz3AhIa https://t.co/rVqTxKahE9",2018-06-16 12:03:04+00:00
@CBSNews,-0.4404,0.225,0.775,0.0,Bill Cosby fires lawyers; Camille Cosby divorce reports denied https://t.co/OSTjmg8Jzv https://t.co/PXkg6LT09x,2018-06-16 11:48:04+00:00
@CBSNews,-0.802,0.375,0.625,0.0,"Rob Rogers, cartoonist who clashed with Post-Gazette editors, says he's been fired https://t.co/cOd1Asld1b https://t.co/XyArh5dUoG",2018-06-16 11:33:03+00:00
@CBSNews,0.2732,0.0,0.851,0.149,Christina Aguilera and Jimmy Fallon surprise crowd with NYC subway performance https://t.co/3hIyfyuENT https://t.co/El84q3fySk,2018-06-16 11:18:03+00:00
@CBSNews,-0.7506,0.402,0.598,0.0,French police say terror attacks on sex club and gay people thwarted https://t.co/aMpPNEPE9L https://t.co/siW4e7ZZ28,2018-06-16 11:03:03+00:00
@CBSNews,-0.8591,0.463,0.537,0.0,Parents of baby found dead in cat litter charged with criminal homicide https://t.co/DatYdcMYIw https://t.co/wByL6JoGrb,2018-06-16 10:48:03+00:00
@CBSNews,-0.0772,0.098,0.902,0.0,Fireball Whisky covers an Arkansas highway after two big rigs collide https://t.co/XzatBzNlvL https://t.co/ea8BipnXBd,2018-06-16 10:33:03+00:00
@CBSNews,0.0,0.0,1.0,0.0,Minimum wage doesn't cover the rent anywhere in the U.S. https://t.co/zC6OygYDgQ https://t.co/KGHi8IoYd5,2018-06-16 10:18:03+00:00
@CBSNews,-0.1027,0.132,0.764,0.104,"Trump Foundation lawsuit has ""merit"" on many levels, legal expert says https://t.co/OhUICANls9 https://t.co/hOUaYMv2c6",2018-06-16 10:03:06+00:00
@CBSNews,-0.872,0.553,0.447,0.0,"Kellen Winslow Jr., ex-NFL player, arrested on rape charges https://t.co/vOonnycqhI https://t.co/3tTL8WQvzS",2018-06-16 09:48:04+00:00
@CBSNews,-0.296,0.145,0.855,0.0,Suspect in custody after barricading self in vehicle at Hoover Dam bridge https://t.co/4K8UWmANAC https://t.co/y9EaoZ9YDx,2018-06-16 09:33:03+00:00
@CBSNews,0.0,0.0,1.0,0.0,China announces tariffs on $50B of U.S. products https://t.co/UAIRs924e5 https://t.co/mGTH2tsYXJ,2018-06-16 09:18:03+00:00
@CBSNews,0.0,0.0,1.0,0.0,Shooting in cemetery wounds 5 in San Francisco Bay area https://t.co/E8kl9HEQ8f https://t.co/x79PppjjBI,2018-06-16 09:03:04+00:00
@CBSNews,0.0,0.0,1.0,0.0,Preview: Rory Feek on adjusting to life beyond Joey https://t.co/KD2u9qtYmC https://t.co/aye9ypWaPl,2018-06-16 08:48:04+00:00
@CBSNews,0.0,0.0,1.0,0.0,Kellogg's voluntarily recalls Honey Smacks cereal over possible salmonella contamination https://t.co/GMsj6d4cKD https://t.co/udH5uwJbB5,2018-06-16 08:33:02+00:00
@CBSNews,-0.6908,0.239,0.761,0.0,4 held in India over rape of woman and daughter while husband tied to tree https://t.co/5PUoS7CkG7 https://t.co/hbl30WgL3D,2018-06-16 08:18:03+00:00
@CBSNews,-0.4588,0.333,0.667,0.0,"Lone lawmaker blocks U.K. law against ""upskirting"" photos https://t.co/C9PTBXMtrE https://t.co/8uHfKJ3R5a",2018-06-16 08:03:07+00:00
@CBSNews,0.0,0.0,1.0,0.0,"World Cup Friday: Egypt vs. Uruguay, Morocco vs. Iran, Portugal vs. Spain https://t.co/Ttscy3yYQU https://t.co/glAXWek6ZK",2018-06-16 07:48:04+00:00
@CBSNews,-0.6808,0.337,0.663,0.0,"Stoneman Douglas school guard had sexually harassed massacre victim, family says https://t.co/Aibomk1DDn https://t.co/o1PDV3P7lo",2018-06-16 07:33:03+00:00
@CBSNews,-0.802,0.375,0.625,0.0,"Rob Rogers, cartoonist who clashed with Post-Gazette editors, says he's been fired https://t.co/YifBrOwFCw https://t.co/FMHprjKY0f",2018-06-16 07:18:04+00:00
@CBSNews,0.0,0.0,1.0,0.0,"U.S. envoy to NATO taking ""an earful"" from allies for Trump https://t.co/UbOdHu1Yz4 https://t.co/pjNNE0qcYA",2018-06-16 07:03:06+00:00
@CBSNews,-0.1779,0.194,0.647,0.159,10-year-old finds way to honor local civil rights leader decades after his death https://t.co/o5kSO4mXOS https://t.co/SRfgW2Tij6,2018-06-16 06:48:05+00:00
@CBSNews,-0.4019,0.172,0.828,0.0,"Trump continues to falsely claim there's a law on family separation, blames Democrats https://t.co/pN9d9LjaeA https://t.co/6KO6RkmmIh",2018-06-16 06:33:04+00:00
@CBSNews,-0.128,0.111,0.889,0.0,"Kilauea volcano eruption: Seismic activity increases, earthquakes strike 5 days in a row https://t.co/4h4rsF05ir https://t.co/vyPcn8tLZC",2018-06-16 06:18:06+00:00
@CBSNews,-0.0772,0.098,0.902,0.0,Fireball Whisky covers an Arkansas highway after two big rigs collide https://t.co/v1Qzi8spDd https://t.co/1mmVwEypfL,2018-06-16 06:03:04+00:00
@CBSNews,0.0,0.0,1.0,0.0,Minimum wage doesn't cover the rent anywhere in the U.S. https://t.co/lZdtQMPlFw https://t.co/WZ7VDDUgNN,2018-06-16 05:48:03+00:00
@CBSNews,-0.872,0.553,0.447,0.0,"Kellen Winslow Jr., ex-NFL player, arrested on rape charges https://t.co/hAP8In2XRR https://t.co/lUlXUQcZYm",2018-06-16 05:33:03+00:00
@CBSNews,-0.296,0.145,0.855,0.0,Suspect in custody after barricading self in vehicle at Hoover Dam bridge https://t.co/EAhPERMJS6 https://t.co/YcgNzg0u3i,2018-06-16 05:18:03+00:00
@CBSNews,0.211,0.084,0.773,0.143,Sarah Sanders doesn't deny report she plans to leave White House https://t.co/2lclo2iC9B https://t.co/ISjnnf18js,2018-06-16 05:03:06+00:00
@CBSNews,-0.836,0.397,0.603,0.0,Police: Parking lot shooting that left boy dead stemmed from road rage https://t.co/3ez5oK0MtR https://t.co/4Y6CQaMfx2,2018-06-16 04:48:04+00:00
@CBSNews,0.3612,0.0,0.889,0.111,"Trump says he wants ""my people"" to sit at attention for him like people do for Kim Jong Un https://t.co/0yY1XVAhTI https://t.co/m1QUNOGH0H",2018-06-16 04:33:03+00:00
@CBSNews,0.0,0.0,1.0,0.0,Preview: Rory Feek on adjusting to life beyond Joey https://t.co/SmhSe7h7Y4 https://t.co/Y2ZM3tmdJx,2018-06-16 04:18:04+00:00
@CBSNews,0.0,0.0,1.0,0.0,Kellogg's voluntarily recalls Honey Smacks cereal over possible salmonella contamination https://t.co/fY014ENOlE https://t.co/uZYk5wXM3I,2018-06-16 04:03:04+00:00
@CBSNews,-0.6908,0.239,0.761,0.0,4 held in India over rape of woman and daughter while husband tied to tree https://t.co/0QptbpghhC https://t.co/Ndlty18T5X,2018-06-16 03:48:03+00:00
@CBSNews,0.0,0.0,1.0,0.0,"World Cup Friday: Egypt vs. Uruguay, Morocco vs. Iran, Portugal vs. Spain https://t.co/wHIWu6FKKP https://t.co/on7H6d1Eon",2018-06-16 03:33:03+00:00
@CBSNews,-0.6808,0.337,0.663,0.0,"Stoneman Douglas school guard had sexually harassed massacre victim, family says https://t.co/96MKlJLxYP https://t.co/H1UbxVRTIZ",2018-06-16 03:18:03+00:00
@CBSNews,-0.802,0.375,0.625,0.0,"Rob Rogers, cartoonist who clashed with Post-Gazette editors, says he's been fired https://t.co/lzQONaJ0js https://t.co/i7MygmiPXT",2018-06-16 03:03:04+00:00
@CBSNews,-0.2732,0.11,0.89,0.0,Attorney General Barbara Underwood is suing to dissolve the Trump Foundation for allegedly misusing funds for perso‚Ä¶ https://t.co/Jf042EvqPS,2018-06-16 02:59:56+00:00
@CBSNews,-0.5994,0.236,0.699,0.066,"The legal protocol of separating minors at the border from parents charged with illegal entry separated nearly 2,00‚Ä¶ https://t.co/H5ijDwb5WY",2018-06-16 02:39:54+00:00
@CBSNews,0.0,0.0,1.0,0.0,The Kilauea volcano has claimed as many as 700 homes in Hawaii. Assessments are taking place to determine whether h‚Ä¶ https://t.co/IbtqsGXMVD,2018-06-16 02:19:34+00:00
@CBSNews,0.296,0.0,0.891,0.109,Rudy Giuliani suggested there might be some presidential pardons for those swept up in the Russia investigation onc‚Ä¶ https://t.co/WbcIc4KyTq,2018-06-16 02:00:02+00:00
@CBSNews,-0.8442,0.373,0.627,0.0,Sen. Rand Paul's neighbor has been sentenced to 30 days in prison for attacking him in a dispute over yard waste‚Ä¶ https://t.co/mlySHVsQlI,2018-06-16 01:39:51+00:00
@CBSNews,0.0,0.0,1.0,0.0,"President Trump told reporters that he won't sign a ""moderate"" bill, citing a need for Mexican border wall funds th‚Ä¶ https://t.co/7ipfaqlL5p",2018-06-16 01:19:31+00:00
@CBSNews,-0.4215,0.155,0.777,0.068,The Democratic National Committee is already planning its July 2020 convention in anticipation of a chaotic and wid‚Ä¶ https://t.co/3UQi2NxDMv,2018-06-16 00:59:58+00:00
@CBSNews,0.0,0.0,1.0,0.0,The federal government has been able to reconstruct approximately 16 pages of shredded documents and has unlocked o‚Ä¶ https://t.co/y2GhjWOGEj,2018-06-16 00:39:57+00:00
@CBSNews,0.0,0.0,1.0,0.0,Jimmy Fallon and Christina Aguilera went incognito as subway buskers to perform in a underground before shedding th‚Ä¶ https://t.co/9OuJsTpawf,2018-06-16 00:19:36+00:00
@CBSNews,0.0,0.098,0.804,0.098,Rudy Giuliani said Friday he advised President Trump to issue no pardons until after the conclusion of Robert Muell‚Ä¶ https://t.co/HjCSbEHiJ8,2018-06-16 00:00:02+00:00
@CBSNews,0.128,0.112,0.695,0.193,"Students for Fair Admissions say they're exposing ""the startling magnitude of Harvard's discrimination."" Harvard ca‚Ä¶ https://t.co/3JBUgFctnB",2018-06-15 23:39:36+00:00
@CBSNews,-0.4019,0.124,0.876,0.0,The count of states where pre-cut melons were connected to a rash of Salmonella infections has more than doubled in‚Ä¶ https://t.co/BSmJ4WyD83,2018-06-15 23:39:35+00:00
@CBSNews,0.4939,0.097,0.664,0.239,"American Greetings, the world's biggest's producer of greeting cards, says an attempt at being ""playful"" missed the‚Ä¶ https://t.co/vYTIFSrq4L",2018-06-15 23:30:27+00:00
@CBSNews,-0.4767,0.3,0.567,0.134,Critics say ethical problems undermined the credibility of research that was supposed to show correlation between a‚Ä¶ https://t.co/n9aESqtVq8,2018-06-15 23:20:02+00:00
@CBSNews,0.0,0.0,1.0,0.0,"Elizabeth Holmes, the founder of Theranos, a company that claimed to revolutionize blood tests, was indicted for al‚Ä¶ https://t.co/4zgFcdtFkP",2018-06-15 22:59:52+00:00
@CBSNews,0.4404,0.0,0.861,0.139,"RT @CBSEveningNews: A trailblazer whose name got the recognition it deserved -- all thanks to a 10-year-old. 

@OnTheRoadCBS has the heartf‚Ä¶",2018-06-15 22:59:49+00:00
@CBSNews,-0.4019,0.137,0.863,0.0,"During a media blitz outside the White House, President Trump made several misleading or false claims spanning from‚Ä¶ https://t.co/hTzC4bqzOp",2018-06-15 22:39:47+00:00
@CBSNews,0.0,0.0,1.0,0.0,RT @CBSEveningNews: Tonight's Headlines in 60 seconds https://t.co/siDnmWkAaq,2018-06-15 22:33:35+00:00
@CBSNews,-0.5994,0.236,0.699,0.066,"The legal protocol of separating minors at the border from parents charged with illegal entry separated nearly 2,00‚Ä¶ https://t.co/d6jH27wil1",2018-06-15 22:19:48+00:00
@CBSNews,0.3182,0.0,0.897,0.103,China responded to U.S. tariffs announced Friday morning with a promise to go tit for tat on a range of American pr‚Ä¶ https://t.co/EG2kkPdWFg,2018-06-15 21:59:39+00:00
@CBSNews,-0.3612,0.133,0.806,0.062,A poll of the American public and its media suggest journalists overestimate distrust of audiences that want more o‚Ä¶ https://t.co/RTfyHJ2NvV,2018-06-15 21:39:55+00:00
@CBSNews,0.0,0.0,1.0,0.0,"Tropical Storm Carlotta has formed near Mexico's Acapulco and is forecast to make landfall Saturday, with reported‚Ä¶ https://t.co/8iTQngY0q8",2018-06-15 21:19:54+00:00
@CBSNews,0.4404,0.103,0.657,0.239,Is divulging more of the U.S. intelligence community's cyber warfare abilities a necessary component of deterring f‚Ä¶ https://t.co/hKIG5Hl2gj,2018-06-15 21:00:01+00:00
@CBSNews,0.0,0.0,1.0,0.0,The Kilauea volcano has claimed as many as 700 homes in Hawaii. Assessments are taking place to determine whether h‚Ä¶ https://t.co/EREZR3NmgR,2018-06-15 20:39:53+00:00
@CBSNews,0.0,0.0,1.0,0.0,"Matt Lea has watched his father's Alzheimer's disease set in fast. So for this Father's Day, he drove 12 hours to h‚Ä¶ https://t.co/pYFCNHhwSb",2018-06-15 20:19:33+00:00
@CBSNews,0.6369,0.0,0.811,0.189,"As Stephen Hawking took his place among Britain's greatest scientists in Westminster Abbey, his words were paired w‚Ä¶ https://t.co/F73sKgEIV8",2018-06-15 20:00:02+00:00
@CBSNews,0.296,0.0,0.891,0.109,Rudy Giuliani suggested there might be some presidential pardons for those swept up in the Russia investigation onc‚Ä¶ https://t.co/Yq7sGlpf0Q,2018-06-15 19:39:31+00:00
@CBSNews,0.3612,0.0,0.839,0.161,"A Southern Star Central Natural Gas pipeline exploded outside Hesston, Kansas early Friday morning‚Ä¶ https://t.co/42zyiDZHEB",2018-06-15 19:30:14+00:00
@CBSNews,-0.4767,0.237,0.653,0.11,"State of Kentucky sues Walgreens over the opioid epidemic, alleging the chain engaged in unfair, misleading and dec‚Ä¶ https://t.co/ztJvmMgoXF",2018-06-15 19:19:46+00:00
@CBSNews,0.0,0.0,1.0,0.0,"Over two years in advance, the Democrats have set a date for their 2020 nominating convention‚Ä¶ https://t.co/h6IZdOT3i4",2018-06-15 19:05:41+00:00
@CBSNews,-0.7096,0.258,0.742,0.0,"Hawaii homeowners describe despair after lava destroys hundreds of homes: ""Just pick up the pieces and move forward‚Ä¶ https://t.co/jmsl6X6pJQ",2018-06-15 18:50:17+00:00
@CBSNews,-0.8442,0.373,0.627,0.0,Sen. Rand Paul's neighbor has been sentenced to 30 days in prison for attacking him in a dispute over yard waste‚Ä¶ https://t.co/zUVJCN5iH4,2018-06-15 18:34:54+00:00
@CBSNews,-0.6486,0.249,0.751,0.0,"Dramatic video shows the frantic moments after a roller coaster derailed in Daytona Beach, Florida, leaving some ri‚Ä¶ https://t.co/M3CwQiUSgV",2018-06-15 18:20:13+00:00
@CBSNews,0.2732,0.0,0.884,0.116,Apple has signed a multi-year deal with Oprah Winfrey to create content for its not-yet-launched subscription video‚Ä¶ https://t.co/1amig42q19,2018-06-15 18:00:13+00:00
@CBSNews,0.0,0.0,1.0,0.0,"Two sheriff's deputies have reportedly been shot near the county courthouse in Kansas City, Kansas‚Ä¶ https://t.co/uDqPKX1hfy",2018-06-15 17:44:17+00:00
@CBSNews,-0.5574,0.327,0.561,0.112,"Arizona woman files lawsuit in federal court accusing Florida fraternity of engaging in ""revenge porn""‚Ä¶ https://t.co/JJhUX3cVUC",2018-06-15 17:29:50+00:00
@CBSNews,-0.0258,0.223,0.609,0.168,"Former U.K. soldier sentenced for damaging parachute of wife who survived 4,000-foot fall https://t.co/jOzHP2zBoi https://t.co/yi5ztS0S7x",2018-06-15 17:14:59+00:00
@CBSNews,-0.6249,0.157,0.843,0.0,"RT @CBSSunday: THIS SUNDAY

The unfolding crisis in Flint is captured in Dr. Hanna-Attisha's new book, ""What the Eyes Don't See: A Story of‚Ä¶",2018-06-15 17:13:06+00:00
@CBSNews,0.0,0.079,0.842,0.079,"President Trump's unexpected media blitz allowed him to share his opinions on a host of contentious issues, but not‚Ä¶ https://t.co/WLBqdOncaB",2018-06-15 16:55:09+00:00
@CBSNews,0.0,0.0,1.0,0.0,"Ever wonder what happens when lava mixes with water? New aerial footage shows steam and ""molten splatter"" rising fr‚Ä¶ https://t.co/vowHVFaXi9",2018-06-15 16:40:23+00:00
@CBSNews,-0.3089,0.148,0.852,0.0,"House won't take on immigration without President Trump's support, after Trump expresses doubts‚Ä¶ https://t.co/5lnWBKMHFQ",2018-06-15 16:24:01+00:00
@CBSNews,0.0,0.0,1.0,0.0,".@PaulaReidCBS on what would happen if Paul Manafort decides to cooperate: ""What he would have to do is provide suf‚Ä¶ https://t.co/fOdgleEkmf",2018-06-15 16:18:36+00:00
@CBSNews,-0.507,0.192,0.808,0.0,"""Let's be crystal-clear about this. So far no one has been charged with collusion because collusion is not a crime.‚Ä¶ https://t.co/rlNwd9P5D6",2018-06-15 16:14:22+00:00
@CBSNews,0.0,0.0,1.0,0.0,"Paul Manafort ""faces two separate trials -- one in Washington one in Virginia -- with his co-defendant testifying a‚Ä¶ https://t.co/9nR0slYR1l",2018-06-15 16:04:06+00:00
@CBSNews,0.0,0.0,1.0,0.0,NEW: President Trump's former campaign chairman Paul Manafort is headed to jail over witness-tampering charges‚Ä¶ https://t.co/q2EhGmpIgL,2018-06-15 15:53:55+00:00
@CBSNews,-0.34,0.124,0.876,0.0,"Natalie Portman describes hearing former co-stars' Harvey Weinstein allegations: ""It was crazy to think I was 13 ye‚Ä¶ https://t.co/txU1BK8FD3",2018-06-15 15:35:42+00:00
@CBSNews,0.128,0.131,0.717,0.152,"San Francisco's incoming mayor, London Breed, knows the yawning gap between rich and poor firsthand, having been ra‚Ä¶ https://t.co/or4C2hoGP2",2018-06-15 15:18:19+00:00
@CBSNews,0.6124,0.0,0.792,0.208,"One son drove 12 hours to surprise his father, who has Alzheimer's, with a home run of a Father's Day gift: tickets‚Ä¶ https://t.co/xbybKeVAEl",2018-06-15 15:00:42+00:00
@CBSNews,0.2023,0.0,0.909,0.091,"RT @CBSSunday: THIS SUNDAY IS A FUNDAY 

- A day under the big top with @venardoscircus 

- Music superstar @Raffi_RC 

- Meet the whistleb‚Ä¶",2018-06-15 14:53:29+00:00
@CBSNews,0.0,0.0,1.0,0.0,"Police release the 911 recording of a man saying he believed ""an alligator got this lady"" who had been walking her‚Ä¶ https://t.co/hvwS9OcPVI",2018-06-15 14:41:40+00:00
@CBSNews,0.0,0.0,1.0,0.0,"President Trump claims that Michael Cohen is not his lawyer, as Cohen faces a federal investigation related to his‚Ä¶ https://t.co/idfzdxE3ex",2018-06-15 14:21:47+00:00
@CBSNews,0.0,0.0,1.0,0.0,Thousands of passengers were stranded overnight at Charlotte-Douglas International Airport after technical troubles‚Ä¶ https://t.co/JXUq9KBRjA,2018-06-15 14:11:29+00:00
@CNN,0.4215,0.0,0.851,0.149,"A full-time worker earning minimum wage can't afford a 2-bedroom rental anywhere in the United States, a new report‚Ä¶ https://t.co/caFeGQ32vv",2018-06-16 15:37:09+00:00
@CNN,0.0258,0.0,0.909,0.091,Why President Trump's wild week matters. A lot. | Analysis by @StCollinson https://t.co/6SpJ2gHVND https://t.co/CSfNtUbXn9,2018-06-16 15:20:08+00:00
@CNN,0.0,0.0,1.0,0.0,Evangelical leader Russell Moore on Jeff Sessions' use of Romans 13 to defend separation of families at the border:‚Ä¶ https://t.co/4MilAsjSTw,2018-06-16 15:10:33+00:00
@CNN,0.0,0.0,1.0,0.0,"Wait, don't eat that until you see this list of recalled foods ... https://t.co/KrhNBWdNKV",2018-06-16 14:55:06+00:00
@CNN,0.0,0.0,1.0,0.0,"Some of the survivors of the Marjory Stoneman Douglas High School massacre in Parkland, Florida, kicked off a natio‚Ä¶ https://t.co/gFd3UoXQne",2018-06-16 14:45:07+00:00
@CNN,-0.0281,0.129,0.664,0.207,"This accomplished clarinet player was accepted to his dream school, but never received the good news because his th‚Ä¶ https://t.co/s3dtYq6LOS",2018-06-16 14:35:05+00:00
@CNN,0.0,0.0,1.0,0.0,"Judge sends former Trump campaign chairman Paul Manafort to jail, pending trial https://t.co/caGoQ9VrAK https://t.co/WVApvKVWCH",2018-06-16 14:25:06+00:00
@CNN,-0.5267,0.315,0.565,0.121,China: 'The US has launched a trade war' https://t.co/4SJTpuQGKu https://t.co/CmhQOClUPp,2018-06-16 14:14:47+00:00
@CNN,-0.4215,0.189,0.811,0.0,"Amid immigration crackdown, this avocado farmer is struggling to find workers https://t.co/EmNBypAk7H https://t.co/9h4T6uFnqG",2018-06-16 14:01:05+00:00
@CNN,0.4939,0.0,0.724,0.276,Watch this meteorologist solve a Rubik‚Äôs cube while giving a live weather report https://t.co/LxqgyiZOI0 https://t.co/bfo2Kzlpq3,2018-06-16 13:31:00+00:00
@CNN,-0.296,0.104,0.896,0.0,The ashes of renowned physicist Stephen Hawking were interred between the graves of Charles Darwin and Sir Isaac Ne‚Ä¶ https://t.co/aTWNmVM0Xi,2018-06-16 13:01:07+00:00
@CNN,0.0,0.0,1.0,0.0,"Folk singer Joni Mitchell wrote the song ""River"" while sitting by the South Saskatoon River in Canada. Now, a walkw‚Ä¶ https://t.co/6uIaNhXUOl",2018-06-16 12:31:01+00:00
@CNN,0.2732,0.0,0.851,0.149,Will the medieval mystery of the Voynich manuscript ever be solved? https://t.co/TUkMo9llOt https://t.co/wxxphSGOVU,2018-06-16 12:01:06+00:00
@CNN,0.0,0.0,1.0,0.0,"Sef Scott, a student with autism, is usually nonverbal. But he stood before his high school classmates to deliver a‚Ä¶ https://t.co/684otZJLae",2018-06-16 11:31:00+00:00
@CNN,-0.296,0.145,0.855,0.0,"To avoid humans, more wildlife now work the night shift, study finds https://t.co/wHs7w2IHK3 https://t.co/pVLi6mXQS7",2018-06-16 11:01:05+00:00
@CNN,0.8573,0.0,0.681,0.319,"This small boutique Hotel Esencia is less than 2 hours from Canc√∫n, but offers the peace and tranquility of Mexico'‚Ä¶ https://t.co/1uhYh5seYf",2018-06-16 10:31:00+00:00
@CNN,0.2263,0.0,0.913,0.087,"A US Coast Guard crew seized nearly 12,000 pounds of cocaine worth around $206 million off the coasts of Mexico, Ce‚Ä¶ https://t.co/e1FbxXso8O",2018-06-16 10:01:03+00:00
@CNN,0.0,0.0,1.0,0.0,"As Disney pumps out a diverse array of films, and turns familiar stories into box office gold, CEO Bob Iger is borr‚Ä¶ https://t.co/KsuvXj9DYD",2018-06-16 10:01:00+00:00
@CNN,0.0,0.0,1.0,0.0,This is how airplane seats for the world's longest flight are made https://t.co/QO83CcxKts https://t.co/xzY6BdhTPN,2018-06-16 09:31:00+00:00
@CNN,-0.0281,0.129,0.664,0.207,"This accomplished clarinet player was accepted to his dream school, but never received the good news because his th‚Ä¶ https://t.co/fIiI9SLbSK",2018-06-16 09:01:08+00:00
@CNN,0.0,0.0,1.0,0.0,"This man is on a mission that he calls ""50 States 50 Lawns."" His goal? To travel to all 50 states, mowing lawns for‚Ä¶ https://t.co/lHGxp37w8o",2018-06-16 09:01:00+00:00
@CNN,-0.4019,0.172,0.828,0.0,Americans are having fewer babies ‚Äî and that's putting diaper sales in trouble https://t.co/eqzJW0DIqB https://t.co/NJ12Tv7P9F,2018-06-16 08:31:00+00:00
@CNN,-0.7096,0.237,0.763,0.0,"Some of the oldest and biggest baobab trees in Africa have died recently, becoming the latest possible victims of c‚Ä¶ https://t.co/RUpLGulJ8P",2018-06-16 08:01:07+00:00
@CNN,-0.2732,0.152,0.76,0.088,Christian Louboutin has claimed victory in a legal battle over its signature red-soled shoes https://t.co/JS7Hu3ga3C https://t.co/4Rh8Hhf5BQ,2018-06-16 07:31:00+00:00
@CNN,-0.6249,0.244,0.664,0.092,Fewer US teens are having sex and doing drugs. But other health risks like suicidal ideation and feelings of sadnes‚Ä¶ https://t.co/zg9UQngzMM,2018-06-16 07:01:06+00:00
@CNN,0.0516,0.177,0.633,0.19,When Father's Day is both bitter and sweet https://t.co/Ajz40L4NWN (via @CNNOpinion) https://t.co/O25nPd2Crz,2018-06-16 06:46:06+00:00
@CNN,-0.296,0.109,0.891,0.0,Women are dominating as 2018 college commencement speakers. Here's a look at some of the stories and advice they're‚Ä¶ https://t.co/eYnSe1MvyX,2018-06-16 06:31:00+00:00
@CNN,0.296,0.0,0.833,0.167,A NASA astronaut shares awe-inspiring photos from the International Space Station https://t.co/ZwrqCKS0xx https://t.co/MV5XjUumFi,2018-06-16 06:16:03+00:00
@CNN,0.4215,0.0,0.851,0.149,"A full-time worker earning minimum wage can't afford a 2-bedroom rental anywhere in the United States, a new report‚Ä¶ https://t.co/1UkrtorBY6",2018-06-16 06:01:03+00:00
@CNN,0.0,0.0,1.0,0.0,Personal flying machine designs revealed in Boeing GoFly contest https://t.co/D5AXI35Jp3 https://t.co/fZ3oqK4F52,2018-06-16 05:46:04+00:00
@CNN,0.0,0.0,1.0,0.0,"This major exhibition by renowned glass artist Dale Chihuly marks the first time George Vanderbilt's descendants, w‚Ä¶ https://t.co/oKPi97fkb2",2018-06-16 05:31:00+00:00
@CNN,-0.4767,0.237,0.763,0.0,How technology can repair our broken connection with nature https://t.co/8xju6XcYDW https://t.co/GQM8DNeUsC,2018-06-16 05:16:06+00:00
@CNN,-0.3612,0.197,0.717,0.085,"""My next guest needs no introduction"": Childish Gambino, the rap alter ego of actor Donald Glover, surprised a grou‚Ä¶ https://t.co/UBId9y78G9",2018-06-16 05:01:53+00:00
@CNN,-0.0258,0.148,0.71,0.142,"Target pulls ""Baby Daddy"" Father's Day greeting card from stores after customer complaints https://t.co/LOK1TqbQeC https://t.co/uA48sG8XBE",2018-06-16 04:46:06+00:00
@CNN,0.0,0.0,1.0,0.0,"In the constellation of Sagittarius, three infant planets have been found orbiting a young star 330 light-years fro‚Ä¶ https://t.co/ga2HTlUj0E",2018-06-16 04:31:00+00:00
@CNN,0.6369,0.0,0.724,0.276,25 of the best places to visit in the UK https://t.co/mP1PmAyY8A https://t.co/o78YjD3LYO,2018-06-16 04:16:05+00:00
@CNN,0.2023,0.0,0.899,0.101,This raccoon‚Äôs harrowing journey to the top of a building made it an instant internet star https://t.co/c2YJcEZjEY https://t.co/SJsEsEW1lc,2018-06-16 04:01:00+00:00
@CNN,0.0,0.0,1.0,0.0,A Chihuly sculpture lights up the Biltmore estate https://t.co/9SydUD90wz https://t.co/ayD4KC9Wfd,2018-06-16 03:46:07+00:00
@CNN,-0.25,0.125,0.786,0.089,"RT @CNNTonight: ""This is just...right out of the playbook of these dictators that he admires so much, where they try to destroy any institu‚Ä¶",2018-06-16 03:38:19+00:00
@CNN,0.0,0.0,1.0,0.0,How Frida Kahlo's fashions brought Mexican politics to the world stage https://t.co/bMIjGcvTgp https://t.co/pfwuix6V0u,2018-06-16 03:31:05+00:00
@CNN,-0.4215,0.118,0.882,0.0,"RT @CNNTonight: ""In my experience, whenever defendants go into custody, they're more likely to plead guilty, they are more likely to flip..‚Ä¶",2018-06-16 03:19:54+00:00
@CNN,0.4767,0.0,0.78,0.22,Cristiano Ronaldo's hattrick earns Portugal a thrilling draw against Spain https://t.co/s26husLgBi #WorldCup https://t.co/ysyNsr1yix,2018-06-16 03:16:04+00:00
@CNN,0.296,0.0,0.855,0.145,RT @CNNPhotos: NASA‚Äôs @astro_Pettit shares awe-inspiring photos from the International Space Station: https://t.co/EyRLiImXg4 https://t.co/‚Ä¶,2018-06-16 03:15:53+00:00
@CNN,0.0,0.0,1.0,0.0,McDonald's to scrap plastic straws in UK and Ireland https://t.co/5u0sIV7Xzm https://t.co/QlSfx0XH8g,2018-06-16 03:01:04+00:00
@CNN,-0.7096,0.247,0.753,0.0,"Theranos founder Elizabeth Holmes has been indicted on federal wire fraud charges, the office of the US Attorney fo‚Ä¶ https://t.co/ErlX2IY18h",2018-06-16 02:51:07+00:00
@CNN,0.6597,0.0,0.795,0.205,"RT @CNNTonight: ""I'd like to christen this Friday, 'Lyin' Friday' ... Ted Cruz I hope you don't mind that we borrow your Trump-given nickna‚Ä¶",2018-06-16 02:43:34+00:00
@CNN,0.0,0.0,1.0,0.0,"A student showed up to his California high school dressed as a Ku Klux Klansman as part of an assignment, reportedl‚Ä¶ https://t.co/dSorPXmVeI",2018-06-16 02:43:06+00:00
@CNN,0.2263,0.0,0.913,0.087,"A US Coast Guard crew seized nearly 12,000 pounds of cocaine worth around $206 million off the coasts of Mexico, Ce‚Ä¶ https://t.co/wBVPV7oxRS",2018-06-16 02:21:32+00:00
@CNN,0.0,0.0,1.0,0.0,"RT @CuomoPrimeTime: ""St. Paul always says that we should obey the law of the government if that law is in conformity with the Lord's law.‚Äù‚Ä¶",2018-06-16 02:10:54+00:00
@CNN,-0.2411,0.103,0.897,0.0,President Donald Trump's lawyer Rudy Giuliani tells CNN's @ChrisCuomo that Trump will not pardon anyone involved in‚Ä¶ https://t.co/eUs38sbNfN,2018-06-16 02:06:50+00:00
@CNN,-0.296,0.145,0.855,0.0,"To avoid humans, more wildlife now work the night shift, study finds https://t.co/v95O1Otm1b https://t.co/N5J6N0pQ9t",2018-06-16 01:51:05+00:00
@CNN,-0.5267,0.196,0.804,0.0,This is the weird logic by which Trump blames Obama for Putin's actions | Analysis by CNN's Z. Byron Wolf‚Ä¶ https://t.co/OPInDt7O6T,2018-06-16 01:41:05+00:00
@CNN,0.0,0.0,1.0,0.0,"RT @AC360: .@JeffreyToobin, who was in the room when Paul Manafort was sent to jail, described the scene as ‚Äúincredibly dramatic‚Äù: He ‚Äúwalk‚Ä¶",2018-06-16 01:33:32+00:00
@CNN,0.0,0.0,1.0,0.0,This steady lava flow is streaming from Hawaii's Kilauea volcano and into the ocean https://t.co/fWxu5hSKd3 https://t.co/7DAKBQZITi,2018-06-16 01:32:03+00:00
@CNN,0.0,0.0,1.0,0.0,"Rudy Giuliani on referring to Joe Biden as a ""mentally deficient idiot"": I didn‚Äôt mean that; I meant that ""he's dum‚Ä¶ https://t.co/BFWZDihpXn",2018-06-16 01:25:03+00:00
@CNN,0.4019,0.0,0.87,0.13,"""Late Show"" host Stephen Colbert slams Attorney General Jeff Sessions for citing Bible in support of border policy‚Ä¶ https://t.co/WQYxgsytOf",2018-06-16 01:21:07+00:00
@CNN,-0.4019,0.124,0.876,0.0,A salmonella outbreak that has caused illness in 73 people across 31 states is linked to Kellogg's Honey Smacks cer‚Ä¶ https://t.co/ZOaX893Hqc,2018-06-16 01:11:07+00:00
@CNN,0.0,0.0,1.0,0.0,"RT @AC360: Evangelical leader Russell Moore to AG Jeff Sessions: ""We all have moments when we could use a little more time in Sunday school‚Ä¶",2018-06-16 01:08:19+00:00
@CNN,-0.4215,0.189,0.811,0.0,"Amid immigration crackdown, this avocado farmer is struggling to find workers https://t.co/uchi2KTRX8 https://t.co/egCQ5ukCi3",2018-06-16 01:01:05+00:00
@CNN,0.0,0.0,1.0,0.0,A Monumental Week in Trumpworld | Analysis by @CillizzaCNN https://t.co/iwDXJqBYeX https://t.co/gf8CCvmEcB,2018-06-16 00:51:04+00:00
@CNN,0.6124,0.0,0.8,0.2,Comedian Seth Meyers says he wants celebrities to open up about their mental health issues. He shared some of his o‚Ä¶ https://t.co/92kN2MTLh8,2018-06-16 00:41:04+00:00
@CNN,0.0,0.0,1.0,0.0,What does the Bible verse Jeff Sessions quoted really mean? https://t.co/OCWzADVZrs https://t.co/agIaKHicXE,2018-06-16 00:31:05+00:00
@CNN,-0.631,0.172,0.828,0.0,Silicon Valley says AI will curb disinformation -- but it might make things worse | By Dipayan Ghosh and Stephen Wi‚Ä¶ https://t.co/Qsk6xENZFu,2018-06-16 00:21:10+00:00
@CNN,0.3818,0.0,0.885,0.115,"""We're not going to be defensive"": AG Jeff Sessions said the DOJ will accept the findings of the inspector general‚Ä¶ https://t.co/AkbTs8Vk0j",2018-06-16 00:16:06+00:00
@CNN,-0.5994,0.218,0.693,0.089,"RT @OutFrontCNN: ""Trump apparently, clearly hired Rudy Giuliani to be his attack dog. He hired him to say all the horrible things he wants‚Ä¶",2018-06-16 00:11:38+00:00
@CNN,0.0,0.0,1.0,0.0,"Kim Kardashian West for President? ""Never say never,"" she says https://t.co/lBECJDnOcQ https://t.co/MYEg0HsnOz",2018-06-16 00:11:02+00:00
@CNN,-0.5267,0.206,0.794,0.0,"This is the weird logic by which Trump blames Obama for Putin's actions | 
Analysis by Z. Byron Wolf‚Ä¶ https://t.co/V39cSeQ7D8",2018-06-16 00:01:08+00:00
@CNN,0.0,0.0,1.0,0.0,"From ""Solo"" to ""Incredibles 2"": How Disney moves on from a box office setback https://t.co/Uv04E6IJtN https://t.co/f2hKamZj26",2018-06-15 23:51:02+00:00
@CNN,0.4939,0.0,0.856,0.144,"RT @OutFrontCNN: ""Paul Manafort did not work for the Trump campaign for 49 days. It was 144 days. That is a number, it is easy to check, an‚Ä¶",2018-06-15 23:45:50+00:00
@CNN,0.3612,0.0,0.829,0.171,Former Milwaukee County Sheriff David Clarke has retained his master's degree in security studies from the Naval Po‚Ä¶ https://t.co/PJFxETieWD,2018-06-15 23:41:04+00:00
@CNN,0.3182,0.0,0.913,0.087,"RT @CNNSitRoom: ""They can't beat us on the truth, the facts, and the evidence, and so they're trying to shut me up."" - Attorney Michael Ave‚Ä¶",2018-06-15 23:33:27+00:00
@CNN,0.6808,0.0,0.781,0.219,Comedian Tiffany Haddish will host the 2018 MTV Movie &amp; TV Awards on Monday night. Here's a preview of what to expe‚Ä¶ https://t.co/qQ9WtPPV2m,2018-06-15 23:31:06+00:00
@CNN,0.0,0.0,1.0,0.0,"This man is on a mission that he calls ""50 States 50 Lawns."" His goal? To travel to all 50 states, mowing lawns for‚Ä¶ https://t.co/kJuAdPQAn3",2018-06-15 23:21:00+00:00
@CNN,-0.552,0.145,0.855,0.0,"RT @CNNSitRoom: ""It is so corrupt and unethical, what Giuliani said"" - @JeffreyToobin reacts to Rudy Giuliani telling the New York Daily Ne‚Ä¶",2018-06-15 23:20:46+00:00
@CNN,-0.0281,0.129,0.664,0.207,"This accomplished clarinet player was accepted to his dream school, but never received the good news because his th‚Ä¶ https://t.co/fqfXb7pKQA",2018-06-15 23:11:06+00:00
@CNN,-0.3182,0.15,0.85,0.0,5 ways Trump weakened America this surreal week | By Frida Ghitis via @CNNOpinion https://t.co/LWGA2YIKTd https://t.co/o7L9L19PQp,2018-06-15 23:11:04+00:00
@CNN,-0.5095,0.18,0.82,0.0,"House Democratic Leader Nancy Pelosi describes the GOP immigration bill as ""totally unworthy of America""‚Ä¶ https://t.co/icOlgxxsH5",2018-06-15 23:01:07+00:00
@CNN,0.3182,0.0,0.887,0.113,The executive branch's ethics watchdog is asking the EPA inspector general to expand his investigations of Scott Pr‚Ä¶ https://t.co/OagzT2YEnv,2018-06-15 22:51:06+00:00
@CNN,-0.5267,0.175,0.825,0.0,Donald Trump's Friday morning proves the massive danger of sitting down with Robert Mueller | Analysis by‚Ä¶ https://t.co/qrlTqXWonb,2018-06-15 22:41:04+00:00
@CNN,0.0,0.0,1.0,0.0,"A child in Venezuela who was reported to have a common symptom of polio does not have the viral disease, World Heal‚Ä¶ https://t.co/cQG0Nu9Xx5",2018-06-15 22:31:09+00:00
@CNN,0.0,0.0,1.0,0.0,House Democratic investigators are zeroing in once again on EPA Administrator Scott Pruitt's attendance at the Rose‚Ä¶ https://t.co/gROEQIdSyZ,2018-06-15 22:21:04+00:00
@CNN,0.886,0.0,0.568,0.432,"LGBTQ rights supporters and people celebrating Pride welcomed VP Mike Pence to Columbus, Ohio, with a ""Big LGBTQ Da‚Ä¶ https://t.co/rg8Y2z3NXF",2018-06-15 22:16:05+00:00
@CNN,0.0,0.0,1.0,0.0,Jeff Sessions misreads the Bible to justify separating families | By Candida Moss via @CNNOpinion https://t.co/98W0NVLovD,2018-06-15 22:11:04+00:00
@CNN,0.8573,0.0,0.681,0.319,"This small boutique Hotel Esencia is less than 2 hours from Canc√∫n, but offers the peace and tranquility of Mexico'‚Ä¶ https://t.co/IvhRIgIUaj",2018-06-15 22:11:00+00:00
@CNN,0.3612,0.14,0.611,0.249,A federal judge rejects a request by a Russian firm to review special counsel Robert Mueller's grand jury instructi‚Ä¶ https://t.co/6IHbpoiwsO,2018-06-15 22:06:05+00:00
@CNN,-0.128,0.111,0.889,0.0,Why it's tough to know how Americans feel about Trump's tariffs https://t.co/aLQZo7N3LK https://t.co/zQYRVhdGiB,2018-06-15 22:01:06+00:00
@CNN,-0.4019,0.13,0.87,0.0,Gas prices are too damn high. Here's what Trump can do about it | By Mark Wolfe via @CNNOpinion‚Ä¶ https://t.co/YsfJys3sNH,2018-06-15 21:51:03+00:00
@CNN,0.0,0.0,1.0,0.0,"As Disney pumps out a diverse array of films, and turns familiar stories into box office gold, CEO Bob Iger is borr‚Ä¶ https://t.co/sAUX08bYVG",2018-06-15 21:49:01+00:00
@CNN,0.6988,0.0,0.807,0.193,RT @CNNPhotos: What a #Worldcup game! What a goal by @Cristiano! The best photos from the Portugal-Spain match and other dramatic moments o‚Ä¶,2018-06-15 21:45:09+00:00
@CNN,-0.5574,0.167,0.833,0.0,"Road rage was likely the cause of a shooting outside a business complex in Westminster, Colorado, that left one chi‚Ä¶ https://t.co/N0lCZIKmqM",2018-06-15 21:41:04+00:00
@CNN,-0.7096,0.247,0.753,0.0,"Theranos founder Elizabeth Holmes has been indicted on federal wire fraud charges, the office of the US Attorney fo‚Ä¶ https://t.co/ElAWAqSPFN",2018-06-15 21:36:08+00:00
@CNN,0.0,0.0,1.0,0.0,"Trump's attorneys, armed with the DOJ IG's report excoriating former FBI Director James Comey, now believe they can‚Ä¶ https://t.co/NzP7ZWYN8U",2018-06-15 21:31:07+00:00
@CNN,-0.6249,0.177,0.823,0.0,"Hodeidah, the densely populated Houthi-held Yemeni port city, is bracing for the worst as it faces an all-out battl‚Ä¶ https://t.co/2av47ROruA",2018-06-15 21:26:08+00:00
@CNN,0.4215,0.0,0.811,0.189,"Dejan Lovren says Croatia's #WorldCup squad is packed with ""big talent"" https://t.co/UrdIGzQiGJ https://t.co/Gk7fzI1M4M",2018-06-15 21:21:07+00:00
@CNN,-0.5574,0.18,0.82,0.0,A masked man held protest signs outside of an armored truck -- blocking US 93 near Hoover Dam -- before he fled to‚Ä¶ https://t.co/y44IxOuM8p,2018-06-15 21:17:27+00:00
@CNN,0.5859,0.0,0.798,0.202,"RT @TheLeadCNN: .@SymoneDSanders: Trump is giving credence to the North Korean regime and giving them a platform on the world stage, making‚Ä¶",2018-06-15 21:15:30+00:00
@CNN,0.6124,0.151,0.504,0.345,"Citibank will pay a huge fine for manipulating an important interest rate, settling with attorneys general in 42 st‚Ä¶ https://t.co/ttOpi1RLEJ",2018-06-15 21:11:08+00:00
@CNN,0.0,0.0,1.0,0.0,This is how airplane seats for the world's longest flight are made https://t.co/QO83CcPll0 https://t.co/VxSgEjWQel,2018-06-15 21:06:00+00:00
@CNN,0.0,0.0,1.0,0.0,"Sef Scott, a student with autism, is usually nonverbal. But he stood before his high school classmates to deliver a‚Ä¶ https://t.co/Op5RZxAk2V",2018-06-15 21:01:00+00:00
@CNN,0.0572,0.089,0.805,0.106,These are the videos you don't want to miss this week https://t.co/NSk6xVlqdC https://t.co/znLxBEHdzQ,2018-06-15 20:51:06+00:00
@FoxNews,0.0,0.0,1.0,0.0,"Yesterday in a press briefing outside the @WhiteHouse, President @realDonaldTrump answered a reporter's question ab‚Ä¶ https://t.co/lt0uA8sn4X",2018-06-16 15:21:14+00:00
@FoxNews,-0.6705,0.29,0.71,0.0,NBA star Zach Randolph's brother killed in shooting outside Indiana bar https://t.co/0HGIgchfdj,2018-06-16 15:13:51+00:00
@FoxNews,0.0,0.0,1.0,0.0,"On @AmericaNewsroom, @mschlapp discussed the border policy that is resulting in hundreds of immigrant children bein‚Ä¶ https://t.co/mNrEYVXF1R",2018-06-16 15:01:44+00:00
@FoxNews,0.4754,0.0,0.808,0.192,".@JessicaTarlov: ""ObamaCare is more popular than it's ever been. Obama himself is."" #Cavuto https://t.co/LMhJ3KpTjj",2018-06-16 14:50:58+00:00
@FoxNews,0.0,0.0,1.0,0.0,U.S. Markets - this week. https://t.co/2oW2pFqgUK,2018-06-16 14:42:06+00:00
@FoxNews,0.0,0.0,1.0,0.0,".@Dennis_Kucinich: ""The last 10 days of an election, if new information surfaces, it can change people's views.""‚Ä¶ https://t.co/urG9gyvekq",2018-06-16 14:38:57+00:00
@FoxNews,-0.296,0.128,0.872,0.0,".@jim_jordan: ""'We will stop Trump.' Why didn't Rod Rosenstein show us that one earlier?"" #Cavuto https://t.co/2GAP8Um1cp",2018-06-16 14:33:18+00:00
@FoxNews,0.0,0.0,1.0,0.0,Work related to Obama Presidential Center to cost Illinois taxpayers nearly $200 million https://t.co/sQw4I1FMeo,2018-06-16 14:29:10+00:00
@FoxNews,0.0,0.0,1.0,0.0,"Robert Ray: ""@POTUS's position, I think, has been vindicated."" #Cavuto https://t.co/VrytO6uRkf",2018-06-16 14:22:00+00:00
@FoxNews,-0.4404,0.266,0.734,0.0,President @BarackObama denied early knowledge of HRC server. https://t.co/dI4LcjhAGR,2018-06-16 14:14:34+00:00
@FoxNews,-0.5984,0.178,0.822,0.0,"Moments ago, President @realDonaldTrump tweeted that ""The IG report totally destroys James Comey and all of his min‚Ä¶ https://t.co/9tXjBArOiV",2018-06-16 14:07:20+00:00
@FoxNews,0.7269,0.0,0.567,0.433,"Moments ago, President @realDonaldTrump praised his supporters on Twitter. https://t.co/2xbgVwjm4K",2018-06-16 14:03:32+00:00
@FoxNews,0.0,0.0,1.0,0.0,Report: U.S. leaving @UN Human Rights Council. https://t.co/m204mQwuoW,2018-06-16 13:58:44+00:00
@FoxNews,-0.2924,0.238,0.762,0.0,".@Varneyco: ""@TheDemocrats do not have a growth plan."" https://t.co/HO94hsYdMG",2018-06-16 13:49:28+00:00
@FoxNews,0.7346,0.0,0.708,0.292,".@Varneyco on President @realDonaldTrump's praise: ""It's very flattering for an immigrant to get a shout-out from t‚Ä¶ https://t.co/9sZbMrj4YN",2018-06-16 13:40:43+00:00
@FoxNews,0.0,0.0,1.0,0.0,"Moments ago, President @realDonaldTrump tweeted about @TheDemocrats https://t.co/9yfYOfTlUO",2018-06-16 13:38:07+00:00
@FoxNews,-0.3818,0.167,0.833,0.0,.@Mark_Penn: ‚ÄúI think there‚Äôs no question that the report reveals a culture of bias that was present in the FBI.‚Äù https://t.co/9ygIBN8beM,2018-06-16 13:31:46+00:00
@FoxNews,-0.34,0.156,0.844,0.0,'That's Nonsense': @dbongino Slams Obama for Denying Early Knowledge of HRC Email Server https://t.co/KgPfC5Ob2F,2018-06-16 13:27:47+00:00
@FoxNews,0.2263,0.0,0.881,0.119,1963 Chevrolet Corvette parked in a garage for 45 years could be worth a small fortune https://t.co/lVygETf114,2018-06-16 13:01:35+00:00
@FoxNews,0.0,0.0,1.0,0.0,Indonesian woman dies after being swallowed whole by a python https://t.co/YxS98kT2iF,2018-06-16 12:44:40+00:00
@FoxNews,0.0,0.0,1.0,0.0,.@ZTB: ‚ÄúWe need to start getting back to‚Ä¶ our traditional values.‚Äù https://t.co/TyfULuS3SF,2018-06-16 12:37:38+00:00
@FoxNews,0.9001,0.0,0.458,0.542,.@ZTB: ‚ÄúThe party of tolerance and acceptance is only accepting if you agree with them.‚Äù https://t.co/W3u2CzcMkJ,2018-06-16 12:33:01+00:00
@FoxNews,0.0,0.0,1.0,0.0,.@ZTB: ‚ÄúSurprisingly there‚Äôs a lot more conservatives in Hollywood than you would expect.‚Äù https://t.co/NhCqYJW9LT,2018-06-16 12:32:16+00:00
@FoxNews,-0.5256,0.159,0.841,0.0,Alan Dershowitz on the jailing of Paul Manafort: ‚ÄúThere‚Äôs something very wrong with the system that presumes guilt‚Ä¶ https://t.co/8moWzQcRMJ,2018-06-16 12:22:28+00:00
@FoxNews,-0.7506,0.33,0.67,0.0,"Scotland's famous Glasgow School of Art devastated by fire, four years after another blaze https://t.co/U0i1MK7RFP",2018-06-16 12:09:57+00:00
@FoxNews,-0.7579,0.383,0.511,0.106,.@BernardKerik: ‚ÄúThere‚Äôs no greater threat to our democracy than a government that weaponizes its criminal justice‚Ä¶ https://t.co/xec7ka5qKh,2018-06-16 11:53:33+00:00
@FoxNews,0.0,0.0,1.0,0.0,Liberals label 'President Donald Trump' children's book 'dangerous' https://t.co/2jyG2M749E,2018-06-16 11:37:11+00:00
@FoxNews,0.0,0.0,1.0,0.0,Obama Presidential Center to cost taxpayers nearly $200M: report https://t.co/sQw4I1FMeo,2018-06-16 11:33:55+00:00
@FoxNews,0.2023,0.0,0.909,0.091,Ronald Vitiello: ‚ÄúIt‚Äôs important to recognize that these laws have been on the books for quite some time.‚Äù https://t.co/PSXSveIbm1,2018-06-16 11:25:08+00:00
@FoxNews,0.0,0.0,1.0,0.0,Ronald Vitiello: ‚ÄúIt‚Äôs far from a concentration camp and people should be more accurate when they describe what we‚Äô‚Ä¶ https://t.co/p801RBAgSS,2018-06-16 11:24:16+00:00
@FoxNews,-0.5994,0.302,0.698,0.0,Fisherman hooks unexploded Vietnam War device in Massachusetts pond https://t.co/ChIOdPWPNP,2018-06-16 11:16:10+00:00
@FoxNews,0.0,0.0,1.0,0.0,Second Kansas sheriff's deputy dies from injuries following shooting https://t.co/KwICKUz2dd,2018-06-16 11:11:32+00:00
@FoxNews,-0.2263,0.128,0.872,0.0,Tom Brady tells Oprah the Patriots had ‚Äòhealthy conversations‚Äô about national anthem protests https://t.co/DYKPFw9ZEp,2018-06-16 11:06:16+00:00
@FoxNews,0.3818,0.0,0.898,0.102,"Heather Zumarraga: ‚ÄúEuropean growth is on the decline, China is also on the decline yet the US is on pace for the f‚Ä¶ https://t.co/vpuOeZxvCw",2018-06-16 10:59:04+00:00
@FoxNews,0.5719,0.0,0.764,0.236,Michigan Home Depot employees build mailbox for autistic boy: 'It was perfect' https://t.co/YBz9zwrOWD,2018-06-16 10:46:13+00:00
@FoxNews,-0.5859,0.444,0.556,0.0,Sen @RandPaul‚Äôs Attacker Sentenced to 30 Days https://t.co/Z5C3bJ0ZUV,2018-06-16 10:44:39+00:00
@FoxNews,0.0,0.0,1.0,0.0,.@davidwebbshow: ‚ÄúWe‚Äôre separating children from criminals.‚Äù https://t.co/JHu5ma6Sx1,2018-06-16 10:36:20+00:00
@FoxNews,0.0,0.0,1.0,0.0,Republican Immigration Bills https://t.co/wYK6rNZI4j,2018-06-16 10:30:46+00:00
@FoxNews,0.2263,0.0,0.894,0.106,"China retaliates against Trump's $50B in tariffs, slaps tariffs worth as much on US goods https://t.co/UVfDFqzxdn https://t.co/l9upBLogsY",2018-06-16 10:29:15+00:00
@FoxNews,0.0,0.0,1.0,0.0,Second Kansas sheriff's deputy dies from injuries following shooting https://t.co/KwICKUz2dd https://t.co/5vCwSXHcCx,2018-06-16 10:14:05+00:00
@FoxNews,0.0,0.0,1.0,0.0,Teen with autism delivers moving graduation speech https://t.co/51lLfb02Kr,2018-06-16 10:03:17+00:00
@FoxNews,0.0,0.0,1.0,0.0,Navy sinks Nike‚Äôs release of logo similar to Annapolis‚Äô crest https://t.co/4hgjtSfcmk,2018-06-16 09:48:27+00:00
@FoxNews,-0.4019,0.23,0.628,0.141,"Photo of boy, 6, comforting sister dying of rare brain cancer goes viral https://t.co/wmqTxKPvQ1",2018-06-16 09:40:37+00:00
@FoxNews,-0.4939,0.344,0.656,0.0,Bricklayers protest 'no shorts' dress code by wearing dresses https://t.co/BX4VFQmXtg,2018-06-16 09:30:21+00:00
@FoxNews,0.5499,0.065,0.768,0.168,".@LouFerrigno on critics of @POTUS: ""I'm not a political guy, but all I can say is that as the president, respect h‚Ä¶ https://t.co/TmFEZWP2td",2018-06-16 09:10:00+00:00
@FoxNews,0.0,0.0,1.0,0.0,"FAT CAT: @PasadenaHumane is trying sort out who this stray ""29 pound purr machine"" belongs to. Staff cleaned up ""Ch‚Ä¶ https://t.co/YinvpYWhd1",2018-06-16 09:05:01+00:00
@FoxNews,0.7269,0.0,0.705,0.295,".@MarshaBlackburn: ""People want our country to be protected, our border to be protected, and for people to abide by‚Ä¶ https://t.co/8ai66f0Qmd",2018-06-16 09:00:00+00:00
@FoxNews,-0.5267,0.214,0.69,0.097,".@POTUS: ""The trade war was started many years ago by them and the United States lost... We lost $500 billion in tr‚Ä¶ https://t.co/yoAa6uRbce",2018-06-16 08:53:00+00:00
@FoxNews,0.7003,0.0,0.766,0.234,"Two little girls in Florida were in for the perfect #FathersDay surprise when their dad, @USArmy Sgt. 1st Class Gra‚Ä¶ https://t.co/XHuphGQ2bc",2018-06-16 08:45:00+00:00
@FoxNews,-0.4767,0.147,0.853,0.0,".@JessicaTarlov: ""There are people who have voted for things that they are ashamed of... Democrats on record saying‚Ä¶ https://t.co/GxWNfPjELm",2018-06-16 08:36:00+00:00
@FoxNews,-0.34,0.194,0.806,0.0,".@marklevinshow: ""Donald Trump was 100% right to fire James Comey."" https://t.co/vY7Jrrv0dF",2018-06-16 08:32:00+00:00
@FoxNews,0.0,0.0,1.0,0.0,"Reporter: ""You're defending now Kim Jong Un's human rights records. How can you do that?""

.@POTUS: ""You know why?‚Ä¶ https://t.co/85aNcOlDtu",2018-06-16 08:17:00+00:00
@FoxNews,0.0,0.0,1.0,0.0,"President @realDonaldTrump: ""Obama was told by the CIA or somebody, the FBI, about Russia. He never did anything ab‚Ä¶ https://t.co/ziEb4pdLhU",2018-06-16 08:04:00+00:00
@FoxNews,-0.296,0.109,0.891,0.0,".@JesseBWatters: ""When the IG report comes out and says 'oh there's no political bias,' there's extreme political b‚Ä¶ https://t.co/G3nkMuXFw1",2018-06-16 07:50:00+00:00
@FoxNews,0.0,0.0,1.0,0.0,Stuart Varney: ‚ÄúProsperity has returned to America as President Trump forecasted six months ago and a year ago.‚Äù‚Ä¶ https://t.co/dQ5ioD82db,2018-06-16 07:38:00+00:00
@FoxNews,-0.4215,0.16,0.84,0.0,".@HuntsmanAbby: ""I don't think anyone can argue against the fact that there was total bias when it comes to some of‚Ä¶ https://t.co/0jVbB5ruJc",2018-06-16 07:34:00+00:00
@FoxNews,0.0,0.0,1.0,0.0,".@POTUS: ""Separating the families - and that's a Democrat bill. That's Democrats wanting to do that. And they could‚Ä¶ https://t.co/EAqph1RKbk",2018-06-16 07:30:00+00:00
@FoxNews,0.4588,0.0,0.812,0.188,".@LisaMarieBoothe: ""Everything's tainted by politics, whether it's awards shows or the @NFL."" #Outnumbered https://t.co/YqEMgJftHD",2018-06-16 07:25:00+00:00
@FoxNews,0.0,0.0,1.0,0.0,Stuart Varney: ‚ÄúProsperity has returned to America as President Trump forecasted six months ago and a year ago.‚Äù https://t.co/xDzjpVUDJc,2018-06-16 07:15:00+00:00
@FoxNews,-0.2732,0.16,0.84,0.0,"Parents face homicide charges after baby's body found in cat litter.
https://t.co/oTmzxMKyYQ",2018-06-16 07:09:00+00:00
@FoxNews,0.0,0.0,1.0,0.0,"President @realDonaldTrump: ""What they did to @PressSec at the White House Correspondents' Dinner... I would've wal‚Ä¶ https://t.co/Rw6xQGgtAw",2018-06-16 07:01:01+00:00
@FoxNews,-0.5859,0.213,0.787,0.0,"President @realDonaldTrump: ""You've gotta watch @CNN, what a fraud it is.""

@SteveDoocy: ""They're listening, they'r‚Ä¶ https://t.co/AfnZCVgb42",2018-06-16 06:54:00+00:00
@FoxNews,-0.25,0.097,0.847,0.055,"""President Obama lost Crimea, just so you understand. This was long before I got there. I want to make it so the fa‚Ä¶ https://t.co/7cwjmLLmpG",2018-06-16 06:49:00+00:00
@FoxNews,0.4404,0.0,0.838,0.162,"""Here's the good news: I did nothing wrong.""

WATCH: President @realDonaldTrump's full remarks to press outside‚Ä¶ https://t.co/eUOUkmtHz3",2018-06-16 06:41:00+00:00
@FoxNews,0.0,0.0,1.0,0.0,https://t.co/680azB967W,2018-06-16 06:30:00+00:00
@FoxNews,-0.5106,0.142,0.858,0.0,".@NancyPelosi: ""This is the first time in this era that we had a president that has rejected newcomers to our count‚Ä¶ https://t.co/Z6a54Ed98Y",2018-06-16 06:22:00+00:00
@FoxNews,0.34,0.0,0.888,0.112,".@DiamondandSilk: ""Mark Zuckerberg, what he should do is hire Diamond and Silk because we can tell him what's wrong‚Ä¶ https://t.co/xMx1m3cQC3",2018-06-16 06:15:00+00:00
@FoxNews,0.0,0.0,1.0,0.0,".@kimguilfoyle: ""Because people keep breaking the rules, it necessitates for the wall to be built, and for law and‚Ä¶ https://t.co/RxYCY2lpdZ",2018-06-16 06:10:00+00:00
@FoxNews,0.0,0.0,1.0,0.0,".@POTUS: ""Obama was told by the CIA or somebody, the FBI, about Russia. He never did anything about it. How come he‚Ä¶ https://t.co/iSJOLBlcoa",2018-06-16 05:55:00+00:00
@FoxNews,0.4215,0.0,0.823,0.177,".@HuntsmanAbby: ""[@BillClinton] needs to take a nice bow and walk off that stage."" #Outnumbered https://t.co/CqwrFXPmTK",2018-06-16 05:46:00+00:00
@FoxNews,0.3182,0.0,0.901,0.099,".@POTUS: ""I told the @NFL players... let me know about it, I'll look at it. If they're aggrieved, I will pardon the‚Ä¶ https://t.co/kJq3Op0AnA",2018-06-16 05:44:00+00:00
@FoxNews,-0.296,0.115,0.885,0.0,".@RepGoodlatte: ""Still to this day no evidence of collusion between the Trump campaign and the Russian government."" https://t.co/rbYDwbOFeo",2018-06-16 05:36:00+00:00
@FoxNews,-0.34,0.167,0.726,0.107,".@POTUS: ""When I was talking to President Obama, he essentially was ready to go to war with North Korea."" https://t.co/Idf8jSmrz8",2018-06-16 05:33:00+00:00
@FoxNews,-0.0772,0.127,0.759,0.114,".@POTUS: ""I beat Clinton dynasty. I beat Bush dynasty, and now, I guess, hopefully I'm in the process of beating ve‚Ä¶ https://t.co/nvxSct3gMz",2018-06-16 05:23:01+00:00
@FoxNews,0.4404,0.0,0.828,0.172,".@LouFerrigno on President @realDonaldTrump: ""I feel safe personally with him as the president."" @TeamCavuto https://t.co/PCQzuW7YQi",2018-06-16 05:10:00+00:00
@FoxNews,0.4023,0.0,0.787,0.213,".@mschlapp: ""There wasn't outrage over @BarackObama separating kids from adults."" https://t.co/3v8FI4cjsv",2018-06-16 05:00:02+00:00
@FoxNews,0.0,0.0,1.0,0.0,"On @foxandfriends, @marklevinshow gave his unvarnished take on the IG report. https://t.co/uTYrZpu0ii https://t.co/6fUbNwsWdE",2018-06-16 04:48:00+00:00
@FoxNews,0.0,0.0,1.0,0.0,".@cvpayne: ""We have more jobs than people."" https://t.co/1LEEF6dmvn",2018-06-16 04:35:00+00:00
@FoxNews,0.1779,0.104,0.711,0.185,"In a surprise interview on ""Fox and Friends,"" President @realDonaldTrump accused ""top people"" in the FBI of ""plotti‚Ä¶ https://t.co/V6DBmNtA32",2018-06-16 04:30:00+00:00
@FoxNews,0.0,0.0,1.0,0.0,"President @realDonaldTrump on @Comey: ""What he did was criminal."" https://t.co/oleHfovD0H",2018-06-16 04:18:00+00:00
@FoxNews,0.0,0.0,1.0,0.0,".@MZHemingway on Page, Strzok texts: ""When you look at what [they] were saying...How they were fantasizing about [‚Ä¶ https://t.co/BWue3jpIzL",2018-06-16 04:10:00+00:00
@FoxNews,0.0,0.0,1.0,0.0,"FAT CAT: @PasadenaHumane is trying sort out who this stray ""29 pound purr machine"" belongs to. Staff cleaned up ""Ch‚Ä¶ https://t.co/9zjgh5jPlk",2018-06-16 04:05:00+00:00
@FoxNews,-0.34,0.103,0.897,0.0,".@TomFitton: ""President Trump was right to fire James Comey because of the way he was treated and the way he treate‚Ä¶ https://t.co/7WhTImjxgu",2018-06-16 04:00:00+00:00
@FoxNews,0.0,0.0,1.0,0.0,".@JesseBWatters: ""If Obama had gotten this far with North Korea, they would have already been carving his face into‚Ä¶ https://t.co/3oCjGRjYH4",2018-06-16 03:45:00+00:00
@FoxNews,-0.5267,0.214,0.69,0.097,".@POTUS: ""The trade war was started many years ago by them and the United States lost... We lost $500 billion in tr‚Ä¶ https://t.co/fjJ6R4oSP2",2018-06-16 03:33:00+00:00
@FoxNews,0.3182,0.0,0.887,0.113,"INFIELD FETCH: Earlier this week, a spirited dog got into the action while minor league baseball players were tossi‚Ä¶ https://t.co/TfxSrAvWaW",2018-06-16 03:15:00+00:00
@FoxNews,0.0,0.0,1.0,0.0,Michigan fisherman sets new record with 48-pound black buffalo fish https://t.co/U9Zfr8vocz,2018-06-16 02:57:00+00:00
@FoxNews,0.0,0.0,1.0,0.0,.@LaraLeaTrump: The Donald Trump I know  https://t.co/vt030uhoaR,2018-06-16 02:54:13+00:00
@FoxNews,-0.6597,0.403,0.597,0.0,.@SenJohnKennedy: Gun rights are being threatened by big banks https://t.co/2EqjNvjnzb,2018-06-16 02:48:27+00:00
@FoxNews,0.0,0.0,1.0,0.0,Angler catches 'beast' porbeagle shark off Welsh coast: 'I've never seen anything that big before' https://t.co/tPXxEyrMaJ,2018-06-16 02:43:13+00:00
@FoxNews,-0.8271,0.412,0.588,0.0,Shots fired at Georgia police officer's home in 'act of gang violence https://t.co/dq5l0LrPJI,2018-06-16 02:33:47+00:00
@FoxNews,-0.7506,0.299,0.701,0.0,"'It came for my face' 

Georgia grandmother strangles and kills a rabid bobcat after it attacks her. https://t.co/HoXEXsrLpW",2018-06-16 02:25:48+00:00
@FoxNews,-0.296,0.167,0.833,0.0,"Florida driver chugged can of Busch during DUI stop, cops say https://t.co/Vq0f0sOnEE",2018-06-16 02:21:28+00:00
@FoxNews,-0.7506,0.225,0.775,0.0,".@pnjaban on IG report: ""The damage that has been done to our country and the damage that is being done with the Mu‚Ä¶ https://t.co/g45tXbTbVp",2018-06-16 02:16:19+00:00
@FoxNews,0.4939,0.0,0.758,0.242,"Natalie Portman slams Jared Kushner, calls her former friend a 'supervillain' https://t.co/eAmcZClugl",2018-06-16 02:06:00+00:00
@FoxNews,0.34,0.0,0.888,0.112,"Terry Turchie on Strzok: ""We really have to be concerned about national security when you have a person who demonst‚Ä¶ https://t.co/VBwFr3cjql",2018-06-16 02:02:36+00:00
@FoxNews,0.5994,0.0,0.71,0.29,Giuliani floats the idea of 'presidential pardons' to 'clean up' the Russia probe. https://t.co/GNIWMONvC5,2018-06-16 01:56:24+00:00
@FoxNews,0.0,0.0,1.0,0.0,".@seanspicer: ""This president is a disruptor. He's not following the norms of Washington."" #Hannity https://t.co/eDSiD0Io3n",2018-06-16 01:49:42+00:00
@FoxNews,-0.765,0.398,0.602,0.0,"Kansas sheriff‚Äôs deputy dead, 1 in critical condition after shooting near courthouse. https://t.co/AgPeEiII2V",2018-06-16 01:44:48+00:00
@FoxNews,-0.3566,0.127,0.873,0.0,".@TomFitton: ""There really is no real Mueller investigation to speak of substantively without this big Manafort ind‚Ä¶ https://t.co/pca7aYxiKd",2018-06-16 01:33:33+00:00
@nytimes,-0.1027,0.076,0.924,0.0,"When a power company's lines cause a wildfire, who should pay for the damage‚Äîits investors, or its ratepayers? Cali‚Ä¶ https://t.co/IKYBjoIVZJ",2018-06-16 15:35:03+00:00
@nytimes,-0.4404,0.228,0.671,0.101,Tiny Iceland‚Äôs tenacious defense frustrated mighty Argentina and earned a 1-1 draw https://t.co/AhCeFicb9A,2018-06-16 15:20:05+00:00
@nytimes,0.4404,0.0,0.756,0.244,21 ways to put those strawberries to good use https://t.co/vupOm2ma0k,2018-06-16 15:10:07+00:00
@nytimes,-0.5719,0.252,0.748,0.0,"In @NYTOpinion 

Kori Schake writes, ""We are entering a new, terrifying era"" https://t.co/OCcIOndCaU",2018-06-16 14:57:01+00:00
@nytimes,0.0,0.0,1.0,0.0,A student at Andover High School captioned his senior photo in the school's yearbook with a quote generally attribu‚Ä¶ https://t.co/hdIbsedQrq,2018-06-16 14:42:02+00:00
@nytimes,-0.4767,0.204,0.702,0.095,RT @TimHerrera: Don‚Äôt beat yourself up over a lack of self-control: We‚Äôre wired to be bad at it. But here‚Äôs what can help.  https://t.co/4A‚Ä¶,2018-06-16 14:27:11+00:00
@nytimes,0.0,0.0,1.0,0.0,"Tequila, lime, and a touch of orange. https://t.co/pslk3iG6hP",2018-06-16 14:11:02+00:00
@nytimes,0.0,0.0,1.0,0.0,"Troye Sivan and Ariana Grande.
Alessia Cara.
Maxwell.
Your weekend playlist has arrived: https://t.co/KWql48Q0Zs",2018-06-16 13:55:06+00:00
@nytimes,-0.7783,0.264,0.736,0.0,"RT @nytopinion: The I.R.S. owes it to the public to investigate the Trump Foundation's egregious acts for criminal violations, says @EOTaxP‚Ä¶",2018-06-16 13:41:02+00:00
@nytimes,0.6705,0.0,0.776,0.224,"""A little over a year ago, my wife, Amy Krouse Rosenthal, published a Modern Love essay called 'You May Want to Mar‚Ä¶ https://t.co/boTdravPIG",2018-06-16 13:22:03+00:00
@nytimes,0.0,0.0,1.0,0.0,Argentina vs. Iceland: World Cup 2018 Live Score and Updates https://t.co/aPsGB6Ouct,2018-06-16 13:17:00+00:00
@nytimes,0.4215,0.059,0.743,0.198,A Canadian clarinetist had been awarded a full scholarship. But his girlfriend didn‚Äôt want him to leave Canada. So‚Ä¶ https://t.co/ksBXp6fMmz,2018-06-16 13:02:03+00:00
@nytimes,0.0,0.0,1.0,0.0,"Ketamine Used to Subdue Dozens at Request of Minneapolis Police, Report Says https://t.co/JOxMB9g7AA",2018-06-16 12:46:29+00:00
@nytimes,0.0,0.0,1.0,0.0,Iceland is the smallest nation ever to qualify for the World Cup. Their coach is an occasional dentist. https://t.co/3Qi0ep86sW,2018-06-16 12:41:03+00:00
@nytimes,0.0,0.0,1.0,0.0,"""I never thought I would talk about it.‚Äô So Florence Welch put it in a song. https://t.co/Ea2gLZjYbH",2018-06-16 12:22:07+00:00
@nytimes,-0.5574,0.175,0.825,0.0,"In Opinion, Rob Rogers writes: 

""After 25 years as the editorial cartoonist for The Pittsburgh Post-Gazette, I was‚Ä¶ https://t.co/FMXhATE58D",2018-06-16 12:02:03+00:00
@nytimes,0.0,0.0,1.0,0.0,Here's a full schedule of the 2018 World Cup https://t.co/zr76GVMOZG,2018-06-16 11:41:05+00:00
@nytimes,0.0,0.0,1.0,0.0,"American Media Inc., the tabloid publisher whose chairman is a close ally of President Trump, now controls almost t‚Ä¶ https://t.co/17QGiovl5f",2018-06-16 11:21:04+00:00
@nytimes,0.0,0.0,1.0,0.0,Here's the 2018 election calendar https://t.co/Mh6IOQ4Av9,2018-06-16 11:02:05+00:00
@nytimes,0.296,0.0,0.896,0.104,RT @nytimesbusiness: A new luxury development in Dubai will feature a Trump-branded golf course designed by Tiger Woods. Helping to put it‚Ä¶,2018-06-16 10:32:06+00:00
@nytimes,0.5093,0.0,0.829,0.171,"Welcome to Summer!: Things to Do in New York: History, Funk and the Queens Night Market https://t.co/liSnKV5ZGg",2018-06-16 10:26:46+00:00
@nytimes,-0.6249,0.255,0.745,0.0,Big City: New York City‚Äôs Worst Landlord? It Might Be the City https://t.co/3aaO3ONC5s,2018-06-16 10:21:56+00:00
@nytimes,0.3182,0.0,0.723,0.277,Nonfiction: Why Trump Voters Supported Trump https://t.co/uBANgjBjxB,2018-06-16 10:19:43+00:00
@nytimes,0.5574,0.142,0.526,0.332,"The Week in Good News: A Blind Artist Reinvented, a Brave Raccoon, Bob Ross https://t.co/S3bsNxxoJB",2018-06-16 10:17:12+00:00
@nytimes,0.0,0.0,1.0,0.0,France vs. Australia: World Cup 2018 Live Score and Updates https://t.co/sOUDeka2cu,2018-06-16 10:14:39+00:00
@nytimes,0.6369,0.0,0.776,0.224,"Ivana Trump returns to the spotlight ‚Ä¶ to promote a diet that promises followers they can ‚Äúeat pasta, cookies and l‚Ä¶ https://t.co/ax8KRevy2y",2018-06-16 10:07:17+00:00
@nytimes,0.0,0.0,1.0,0.0,A U.S. Air Force officer who deserted 35 years ago was apprehended in California. He was last seen in 1983 withdraw‚Ä¶ https://t.co/uWRS7FYqlM,2018-06-16 09:49:50+00:00
@nytimes,0.0,0.0,1.0,0.0,"Of France's 23 World Cup players, 8 started their stories in Paris's banlieues https://t.co/VyasUMdkSV",2018-06-16 09:31:02+00:00
@nytimes,0.0,0.0,1.0,0.0,She received an anonymous letter asking her to use a dryer or hang her laundry indoors. It backfired spectacularly. https://t.co/GglK0ZtOv1,2018-06-16 09:13:20+00:00
@nytimes,-0.6808,0.444,0.556,0.0,Trilobites: Black Hole Drags Star to Dusty Death https://t.co/rfePB42FxD,2018-06-16 08:56:34+00:00
@nytimes,0.0,0.0,1.0,0.0,"Joe Klein reviews ""The World as It Is"": 

""Ben Rhodes, who served Barack Obama as a foreign policy adviser and spee‚Ä¶ https://t.co/vyfOLoQLCv",2018-06-16 08:48:14+00:00
@nytimes,0.0,0.0,1.0,0.0,"Stephen Hawking‚Äôs ashes were interred at Westminster Abbey, alongside monarchs, scientists and poets. But the abbey‚Ä¶ https://t.co/odkyJ9hosW",2018-06-16 08:32:05+00:00
@nytimes,-0.34,0.179,0.821,0.0,Fire Guts Glasgow School of Art for Second Time in 4 Years https://t.co/jdpEesVoZp,2018-06-16 08:30:30+00:00
@nytimes,-0.5574,0.141,0.859,0.0,‚ÄúThe fact that these trees just suddenly died in the early part of this century is to me a canary in the mine‚Äù https://t.co/gJi2mLlK01,2018-06-16 08:07:10+00:00
@nytimes,0.1275,0.118,0.699,0.183,"Chances are that when you bought a Wi-Fi router, you probably did not prioritize strong network security. It's time‚Ä¶ https://t.co/39cbr4AEcS",2018-06-16 07:50:24+00:00
@nytimes,0.0,0.0,1.0,0.0,"RT @nytimesworld: In a spectacular gesture of defiance, Germany's interior minister, Horst Seehofer, has given Angela Merkel an ultimatum:‚Ä¶",2018-06-16 07:33:03+00:00
@nytimes,-0.1513,0.172,0.689,0.138,"RT @nytimesbooks: Twitter and Facebook have made us cruder, less empathetic, more tribal https://t.co/cOYLTJKAAO",2018-06-16 07:12:39+00:00
@nytimes,0.6249,0.0,0.854,0.146,"RT @nytopinion: This fall, during the campaign, we will hear all sorts of talk about how the president has made America great again. But no‚Ä¶",2018-06-16 06:55:46+00:00
@nytimes,0.1779,0.0,0.855,0.145,Coal keeps getting edged out by cheaper and cleaner alternatives https://t.co/vLIszWTNkT,2018-06-16 06:39:28+00:00
@nytimes,0.0,0.0,1.0,0.0,Hurricane season has begun. How do you know if you need flood insurance? https://t.co/OTTI5KIzRd,2018-06-16 06:23:17+00:00
@nytimes,-0.4588,0.12,0.88,0.0,The Taxi of Tomorrow was supposed to become the standard cab in New York City. Now the city has abandoned that idea. https://t.co/HxAWPVwlf6,2018-06-16 06:07:02+00:00
@nytimes,0.8541,0.0,0.67,0.33,"‚ÄúWe asked ourselves, ‚ÄòWhat would Bob do?‚Äô Using his voice to help put people to sleep? Well, he would love that.‚Äù https://t.co/2g154I3Z28",2018-06-16 05:50:21+00:00
@nytimes,0.0,0.0,1.0,0.0,Federal advisers have shut down a $100 million drinking study that was partially funded by alcohol manufacturers https://t.co/x38Rhqr5Qw,2018-06-16 05:32:00+00:00
@nytimes,0.7003,0.0,0.734,0.266,"2 decades ago, a renowned professor promised to produce a flawless version of one of the 20th century‚Äôs most celebr‚Ä¶ https://t.co/N7gHWmVXop",2018-06-16 05:11:46+00:00
@nytimes,-0.3182,0.228,0.609,0.162,"In Opinion, 

An obscure biologist killed a bird to save a species. Twitter didn‚Äôt understand. https://t.co/OVYqzUhyT8",2018-06-16 04:55:02+00:00
@nytimes,-0.3818,0.115,0.885,0.0,Antarctica is melting faster than before. The rate at which the continent is losing ice has more than doubled since‚Ä¶ https://t.co/KYO5uwdN3o,2018-06-16 04:38:48+00:00
@nytimes,0.0,0.0,1.0,0.0,"RT @NYTScience: When she became the first person to witness bacteria reeling in DNA with a harpoon-like appendage, she dashed into her coll‚Ä¶",2018-06-16 04:22:05+00:00
@nytimes,-0.1027,0.072,0.928,0.0,The Abstract Expressionist painter Joan Mitchell is the star of this year's cautious and conservative Art Basel fai‚Ä¶ https://t.co/ScU8gBIiva,2018-06-16 04:08:01+00:00
@nytimes,-0.34,0.094,0.906,0.0,RT @mannyNYT: Officials never mentioned this on our media tour of the former Walmart shelter in Brownsville: The shelter has had 12 fire in‚Ä¶,2018-06-16 03:51:05+00:00
@nytimes,-0.5719,0.402,0.598,0.0,U.K. Government Backs Bill to Make ‚ÄòUpskirting‚Äô a Crime https://t.co/liCfQpz6Bl,2018-06-16 03:50:23+00:00
@nytimes,-0.1027,0.138,0.75,0.113,10 new books recommended by critics and editors at The New York Times https://t.co/7RIRWd5y11,2018-06-16 03:47:05+00:00
@nytimes,0.1027,0.231,0.577,0.192,Jury Awards $45 Million to Woman Struck by Falling Shopping Cart https://t.co/U2hSW7pZ3g,2018-06-16 03:39:05+00:00
@nytimes,-0.4019,0.114,0.886,0.0,RT @jbsgreenberg: Some women crash into the maternal wall long before they hit the glass ceiling. Here‚Äôs our investigation into pregnancy d‚Ä¶,2018-06-16 03:32:04+00:00
@nytimes,-0.296,0.136,0.864,0.0,"Many mammals are changing their sleep schedules to avoid human contact, a new study found https://t.co/aoMd2dIPUV",2018-06-16 03:17:03+00:00
@nytimes,-0.6249,0.362,0.638,0.0,"All the threats and tariffs in the U.S.-China trade conflict
https://t.co/xZxC66a4vT",2018-06-16 03:02:02+00:00
@nytimes,0.0,0.0,1.0,0.0,RT @anahadoconnor: Big news: A $100 million clinical trial was shut down today in the wake of reporting by my colleague @ronicaryn that exp‚Ä¶,2018-06-16 02:47:05+00:00
@nytimes,-0.34,0.167,0.833,0.0,Jeff Sessions‚Äôs use of Bible passage to defend immigration policy draws fire https://t.co/InZkFfss5y,2018-06-16 02:32:03+00:00
@nytimes,0.6369,0.0,0.84,0.16,"Agnes Denes, the queen of Land Art, made one of New York‚Äôs greatest public art projects ever in 1982. Now, the worl‚Ä¶ https://t.co/FwXtdLfTcR",2018-06-16 02:17:04+00:00
@nytimes,-0.8658,0.401,0.599,0.0,A neighbor of Kentucky Senator Rand Paul was sentenced to 30 days in prison after pleading guilty to felony assault‚Ä¶ https://t.co/S9CK7qHLKQ,2018-06-16 02:02:05+00:00
@nytimes,-0.765,0.28,0.72,0.0,"RT @nytpolitics: The Trump administration said that it had separated 1,995 children from parents facing criminal prosecution for unlawfully‚Ä¶",2018-06-16 01:47:04+00:00
@nytimes,-0.4939,0.132,0.868,0.0,"A $38,000 Banksy print was stolen. ""‚ÄúI‚Äôve heard the rumors it was even Banksy who did it,"" one of the show's produc‚Ä¶ https://t.co/mbNeioABwi",2018-06-16 01:32:01+00:00
@nytimes,0.0,0.0,1.0,0.0,"Michael Cohen asked a judge to keep Michael Avenatti, the lawyer representing Stormy Daniels, from speaking about h‚Ä¶ https://t.co/CFP5ndEAkB",2018-06-16 01:17:04+00:00
@nytimes,0.0,0.0,1.0,0.0,Evening Briefing: Here's what you need to know at the end of the day https://t.co/3MAzmLrfl6,2018-06-16 01:02:06+00:00
@nytimes,-0.5574,0.175,0.825,0.0,"In Opinion, Rob Rogers writes: 

""After 25 years as the editorial cartoonist for The Pittsburgh Post-Gazette, I was‚Ä¶ https://t.co/FDfoaSfLLm",2018-06-16 00:47:04+00:00
@nytimes,0.0,0.0,1.0,0.0,"McDonald's is getting rid of plastic straws at its restaurants in Britain, as more businesses there pledge to reduc‚Ä¶ https://t.co/J8CcO9P8md",2018-06-16 00:32:03+00:00
@nytimes,-0.0258,0.05,0.95,0.0,"RT @juliarebeccaj: Senator Rand Paul's neighbor was sentenced to 30 days imprisonment today for tackling the lawmaker in his yard, an attac‚Ä¶",2018-06-16 00:17:07+00:00
@nytimes,-0.8074,0.372,0.628,0.0,Sidelined at work. Denied promotions and raises. Fired for complaining. Pregnancy discrimination is rampant at Amer‚Ä¶ https://t.co/0Tu7uWCKZU,2018-06-16 00:02:04+00:00
@nytimes,0.0,0.0,1.0,0.0,"RT @nytopinion: A former attorney for the chief counsel of the I.R.S. who specialized in nonprofit organizations, @EOTaxProf, believes Trum‚Ä¶",2018-06-15 23:47:00+00:00
@nytimes,0.4588,0.0,0.786,0.214,"All the players could do, after it was over, was applaud https://t.co/XDfAENQcUK",2018-06-15 23:31:05+00:00
@nytimes,-0.0258,0.169,0.667,0.165,"RT @danjonesnyt: ""I am that guy."" A year later, Jason Rosenthal responds to his wife's devastating Modern Love column https://t.co/ysjfe99B‚Ä¶",2018-06-15 23:17:03+00:00
@nytimes,0.0,0.0,1.0,0.0,"American Media Inc., the tabloid publisher whose chairman is a close ally of President Trump, now controls almost t‚Ä¶ https://t.co/Qth45jZWtS",2018-06-15 23:12:04+00:00
@nytimes,0.5719,0.0,0.837,0.163,"RT @NYTMetro: Ant√≥nio Costa, Portugal's prime minister, celebrated Cristiano Ronaldo‚Äôs PK goal. He was watching today alongside Gov. Phil M‚Ä¶",2018-06-15 23:01:07+00:00
@nytimes,0.0,0.0,1.0,0.0,Evening Briefing: Here's what you need to know at the end of the day https://t.co/e9sCfN2qjW,2018-06-15 22:47:04+00:00
@nytimes,0.4215,0.059,0.743,0.198,A Canadian clarinetist had been awarded a full scholarship. But his girlfriend didn‚Äôt want him to leave Canada. So‚Ä¶ https://t.co/cPJaqXCz3X,2018-06-15 22:32:02+00:00
@nytimes,0.5719,0.099,0.691,0.21,"RT @sarahlyall: The best thing about Heimir, the Icelandic soccer coach, is not that he is a dentist -- it's that he likes to terrify the l‚Ä¶",2018-06-15 22:17:05+00:00
@nytimes,-0.3384,0.13,0.87,0.0,Salmonella outbreaks have prompted recalls of Kellogg‚Äôs Honey Smacks cereal and more cut fruit this week https://t.co/PW5L4zHURn,2018-06-15 22:01:05+00:00
@nytimes,-0.5574,0.146,0.854,0.0,"Dorothy Cotton, a campaigner for voting rights in the Deep South and an aide to Dr. Martin Luther King Jr., has died https://t.co/xmuZBXA9VQ",2018-06-15 21:46:04+00:00
@nytimes,0.0,0.0,1.0,0.0,How Cristiano Ronaldo stepped over Spain and gave Portugal the early lead https://t.co/8ZE4YNqSsk,2018-06-15 21:39:03+00:00
@nytimes,0.5719,0.0,0.778,0.222,"A septuagenarian businessman, reality television star and self-described pimp won a Republican primary in Nevada https://t.co/0EetFIUxWM",2018-06-15 21:31:06+00:00
@nytimes,-0.4588,0.158,0.842,0.0,"The disgraced founder of Theranos, Elizabeth Holmes, was indicted along with the company‚Äôs ex-president on charges‚Ä¶ https://t.co/0sgkXCCqth",2018-06-15 21:24:45+00:00
@nytimes,0.0,0.0,1.0,0.0,"Tequila, lime, and a touch of orange. https://t.co/X6F9QoWEAE",2018-06-15 21:16:06+00:00
@nytimes,0.2023,0.0,0.933,0.067,RT @EricLiptonNYT: Scott Pruitt wanted to go to Rose Bowl. Tickets sold-out. So what did he do? Got one of his top political aides to call‚Ä¶,2018-06-15 21:01:12+00:00
@nytimes,0.0,0.0,1.0,0.0,Federal advisers have shut down a $100 million drinking study that was partially funded by alcohol manufacturers https://t.co/JBbSARmkmG,2018-06-15 20:46:07+00:00
@nytimes,0.1531,0.151,0.672,0.176,"Amy Krouse Rosenthal died on March 13, 2017, 10 days after her Modern Love essay was published https://t.co/CbezMjxqJQ",2018-06-15 20:41:05+00:00
@nytimes,0.2263,0.0,0.909,0.091,"""Allow me to introduce you to the gentleman of this article, Jason Brian Rosenthal,"" Amy Krouse Rosenthal wrote in‚Ä¶ https://t.co/EQvDdPnFWO",2018-06-15 20:37:40+00:00
@nytimes,0.6705,0.0,0.776,0.224,"""A little over a year ago, my wife, Amy Krouse Rosenthal, published a Modern Love essay called 'You May Want to Mar‚Ä¶ https://t.co/uJTNFnlvd0",2018-06-15 20:31:04+00:00
@nytimes,0.5719,0.0,0.778,0.222,Cristiano Ronaldo won the day. His team had to settle for a tie. https://t.co/h1H9azyUDr https://t.co/zBjrFdOkbS,2018-06-15 20:23:02+00:00
@nytimes,-0.4588,0.167,0.833,0.0,"On Friday, Trump attacked the FBI, congressional Democrats, Barack Obama, Hillary Clinton, Canada‚Äôs prime minister,‚Ä¶ https://t.co/4Cew1zDeMW",2018-06-15 20:16:07+00:00
@nytimes,-0.3182,0.228,0.609,0.162,"In Opinion, 

An obscure biologist killed a bird to save a species. Twitter didn‚Äôt understand. https://t.co/lWDHCpt3ST",2018-06-15 20:01:08+00:00
@nytimes,0.0,0.0,1.0,0.0,"RT @nytimesarts: Stephen Colbert: ""So far 1,358 children have reportedly been ripped from their families at the U.S. border. Now, if it sou‚Ä¶",2018-06-15 19:46:01+00:00
@nytimes,0.296,0.0,0.901,0.099,"RT @rcallimachi: Hi guys, come join @AndyMillsNYT and I as we do a Reddit ""Ask me Anything."" It's starting in exactly 1 minute: https://t.c‚Ä¶",2018-06-15 19:31:39+00:00
@nytimes,0.0,0.0,1.0,0.0,This Macy's went from a mall mainstay to a homeless shelter  https://t.co/RnTeAqD95v,2018-06-15 19:31:05+00:00
@nytimes,0.0,0.0,1.0,0.0,"RT @NYTSports: A rocket from Nacho puts Spain ahead of Portugal, 3-2. Will it be enough? Follow the World Cup live: https://t.co/IgbzngcESy",2018-06-15 19:29:00+00:00
@nytimes,-0.296,0.136,0.864,0.0,"Many mammals are changing their sleep schedules to avoid human contact, a new study found https://t.co/M16Ggq2wro",2018-06-15 19:20:08+00:00
@nytimes,0.296,0.0,0.891,0.109,"Join NYT reporters Rukmini Callimachi and Andy Mills for a Reddit AMA about ""Caliphate,"" happening today at 3:30 p.‚Ä¶ https://t.co/8v1rEEzrt4",2018-06-15 19:12:00+00:00
@nytimes,-0.765,0.336,0.664,0.0,A 2-part ‚ÄúCaliphate‚Äù episode: An ISIS prisoner challenged us to find a girl he‚Äôd enslaved. We did ‚Äî then witnessed‚Ä¶ https://t.co/iWOsWj6bGS,2018-06-15 19:10:06+00:00
@nytimes,0.2023,0.0,0.913,0.087,"Over 30 days and 300 miles, in temperatures reaching 100 degrees, dozens of ordinary Afghans have walked across som‚Ä¶ https://t.co/ID5ymcL2aV",2018-06-15 19:01:03+00:00
@nytimes,0.0,0.0,1.0,0.0,Trump's ‚ÄúFox and Friends.‚Äù interview morphed into a question-and-answer session with reporters. We fact checked his‚Ä¶ https://t.co/m8C1C1pKp5,2018-06-15 18:46:05+00:00
@nytimes,-0.5994,0.178,0.822,0.0,Trade skirmish or war? Here are answers to questions about the Trump administration‚Äôs tariffs on China and beyond. https://t.co/CpKVEhQISI,2018-06-15 18:32:52+00:00
@nytimes,0.0,0.0,1.0,0.0,"As Ronaldo takes the field, we‚Äôre offering a new way to follow the World Cup: Get direct messages from our journali‚Ä¶ https://t.co/m1u5jARlfQ",2018-06-15 18:20:06+00:00
